<annotation verified="yes"><folder>train</folder><filename>airplane_174.jpg</filename><path>train/airplane_174.jpg</path><source><database>Unknown</database></source><size><width>256</width><height>256</height><depth>3</depth></size><segmented>0</segmented><object><name>airplane</name><pose>Unspecified</pose><truncated>0</truncated><difficult>0</difficult><bndbox><xmin>69</xmin><ymin>128</ymin><xmax>159</xmax><ymax>204</ymax></bndbox></object><object><name>airplane</name><pose>Unspecified</pose><truncated>0</truncated><difficult>0</difficult><bndbox><xmin>152</xmin><ymin>37</ymin><xmax>219</xmax><ymax>131</ymax></bndbox></object></annotation>