<annotation verified="yes"><folder>train</folder><filename>airplane_311.jpg</filename><path>train/airplane_311.jpg</path><source><database>Unknown</database></source><size><width>256</width><height>256</height><depth>3</depth></size><segmented>0</segmented><object><name>airplane</name><pose>Unspecified</pose><truncated>0</truncated><difficult>0</difficult><bndbox><xmin>135</xmin><ymin>11</ymin><xmax>179</xmax><ymax>40</ymax></bndbox></object><object><name>airplane</name><pose>Unspecified</pose><truncated>0</truncated><difficult>0</difficult><bndbox><xmin>134</xmin><ymin>76</ymin><xmax>190</xmax><ymax>111</ymax></bndbox></object><object><name>airplane</name><pose>Unspecified</pose><truncated>0</truncated><difficult>0</difficult><bndbox><xmin>139</xmin><ymin>145</ymin><xmax>194</xmax><ymax>176</ymax></bndbox></object><object><name>airplane</name><pose>Unspecified</pose><truncated>0</truncated><difficult>0</difficult><bndbox><xmin>150</xmin><ymin>207</ymin><xmax>208</xmax><ymax>250</ymax></bndbox></object></annotation>