<annotation verified="yes"><folder>train</folder><filename>airplane_367.jpg</filename><path>train/airplane_367.jpg</path><source><database>Unknown</database></source><size><width>256</width><height>256</height><depth>3</depth></size><segmented>0</segmented><object><name>airplane</name><pose>Unspecified</pose><truncated>0</truncated><difficult>0</difficult><bndbox><xmin>11</xmin><ymin>73</ymin><xmax>46</xmax><ymax>98</ymax></bndbox></object><object><name>airplane</name><pose>Unspecified</pose><truncated>0</truncated><difficult>0</difficult><bndbox><xmin>32</xmin><ymin>98</ymin><xmax>69</xmax><ymax>128</ymax></bndbox></object><object><name>airplane</name><pose>Unspecified</pose><truncated>0</truncated><difficult>0</difficult><bndbox><xmin>109</xmin><ymin>160</ymin><xmax>149</xmax><ymax>208</ymax></bndbox></object><object><name>airplane</name><pose>Unspecified</pose><truncated>0</truncated><difficult>0</difficult><bndbox><xmin>133</xmin><ymin>49</ymin><xmax>160</xmax><ymax>77</ymax></bndbox></object></annotation>