<annotation verified="yes"><folder>train</folder><filename>airplane_402.jpg</filename><path>train/airplane_402.jpg</path><source><database>Unknown</database></source><size><width>256</width><height>256</height><depth>3</depth></size><segmented>0</segmented><object><name>airplane</name><pose>Unspecified</pose><truncated>0</truncated><difficult>0</difficult><bndbox><xmin>91</xmin><ymin>39</ymin><xmax>127</xmax><ymax>77</ymax></bndbox></object><object><name>airplane</name><pose>Unspecified</pose><truncated>0</truncated><difficult>0</difficult><bndbox><xmin>147</xmin><ymin>52</ymin><xmax>184</xmax><ymax>87</ymax></bndbox></object><object><name>airplane</name><pose>Unspecified</pose><truncated>0</truncated><difficult>0</difficult><bndbox><xmin>123</xmin><ymin>105</ymin><xmax>163</xmax><ymax>140</ymax></bndbox></object><object><name>airplane</name><pose>Unspecified</pose><truncated>0</truncated><difficult>0</difficult><bndbox><xmin>138</xmin><ymin>147</ymin><xmax>182</xmax><ymax>180</ymax></bndbox></object></annotation>