<annotation verified="yes"><folder>train</folder><filename>airplane_574.jpg</filename><path>train/airplane_574.jpg</path><source><database>Unknown</database></source><size><width>256</width><height>256</height><depth>3</depth></size><segmented>0</segmented><object><name>airplane</name><pose>Unspecified</pose><truncated>0</truncated><difficult>0</difficult><bndbox><xmin>97</xmin><ymin>67</ymin><xmax>136</xmax><ymax>115</ymax></bndbox></object><object><name>airplane</name><pose>Unspecified</pose><truncated>0</truncated><difficult>0</difficult><bndbox><xmin>144</xmin><ymin>65</ymin><xmax>175</xmax><ymax>107</ymax></bndbox></object></annotation>