<annotation verified="yes"><folder>train</folder><filename>airplane_499.jpg</filename><path>train/airplane_499.jpg</path><source><database>Unknown</database></source><size><width>256</width><height>256</height><depth>3</depth></size><segmented>0</segmented><object><name>airplane</name><pose>Unspecified</pose><truncated>0</truncated><difficult>0</difficult><bndbox><xmin>24</xmin><ymin>116</ymin><xmax>82</xmax><ymax>159</ymax></bndbox></object><object><name>airplane</name><pose>Unspecified</pose><truncated>0</truncated><difficult>0</difficult><bndbox><xmin>39</xmin><ymin>164</ymin><xmax>87</xmax><ymax>207</ymax></bndbox></object></annotation>