<annotation verified="yes"><folder>train</folder><filename>airplane_393.jpg</filename><path>train/airplane_393.jpg</path><source><database>Unknown</database></source><size><width>256</width><height>256</height><depth>3</depth></size><segmented>0</segmented><object><name>airplane</name><pose>Unspecified</pose><truncated>0</truncated><difficult>0</difficult><bndbox><xmin>22</xmin><ymin>175</ymin><xmax>111</xmax><ymax>238</ymax></bndbox></object><object><name>airplane</name><pose>Unspecified</pose><truncated>0</truncated><difficult>0</difficult><bndbox><xmin>6</xmin><ymin>3</ymin><xmax>103</xmax><ymax>46</ymax></bndbox></object></annotation>