<annotation verified="yes"><folder>train</folder><filename>airplane_379.jpg</filename><path>train/airplane_379.jpg</path><source><database>Unknown</database></source><size><width>256</width><height>256</height><depth>3</depth></size><segmented>0</segmented><object><name>airplane</name><pose>Unspecified</pose><truncated>0</truncated><difficult>0</difficult><bndbox><xmin>31</xmin><ymin>155</ymin><xmax>90</xmax><ymax>214</ymax></bndbox></object><object><name>airplane</name><pose>Unspecified</pose><truncated>0</truncated><difficult>0</difficult><bndbox><xmin>213</xmin><ymin>112</ymin><xmax>252</xmax><ymax>149</ymax></bndbox></object></annotation>