<annotation verified="yes"><folder>train</folder><filename>airplane_428.jpg</filename><path>train/airplane_428.jpg</path><source><database>Unknown</database></source><size><width>256</width><height>256</height><depth>3</depth></size><segmented>0</segmented><object><name>airplane</name><pose>Unspecified</pose><truncated>0</truncated><difficult>0</difficult><bndbox><xmin>12</xmin><ymin>150</ymin><xmax>55</xmax><ymax>189</ymax></bndbox></object><object><name>airplane</name><pose>Unspecified</pose><truncated>0</truncated><difficult>0</difficult><bndbox><xmin>193</xmin><ymin>103</ymin><xmax>240</xmax><ymax>148</ymax></bndbox></object></annotation>