<annotation verified="yes"><folder>train</folder><filename>airplane_331.jpg</filename><path>train/airplane_331.jpg</path><source><database>Unknown</database></source><size><width>256</width><height>256</height><depth>3</depth></size><segmented>0</segmented><object><name>airplane</name><pose>Unspecified</pose><truncated>0</truncated><difficult>0</difficult><bndbox><xmin>23</xmin><ymin>131</ymin><xmax>127</xmax><ymax>225</ymax></bndbox></object><object><name>airplane</name><pose>Unspecified</pose><truncated>0</truncated><difficult>0</difficult><bndbox><xmin>208</xmin><ymin>79</ymin><xmax>253</xmax><ymax>126</ymax></bndbox></object></annotation>