<annotation verified="yes"><folder>train</folder><filename>airplane_179.jpg</filename><path>train/airplane_179.jpg</path><source><database>Unknown</database></source><size><width>256</width><height>256</height><depth>3</depth></size><segmented>0</segmented><object><name>airplane</name><pose>Unspecified</pose><truncated>0</truncated><difficult>0</difficult><bndbox><xmin>42</xmin><ymin>42</ymin><xmax>130</xmax><ymax>128</ymax></bndbox></object><object><name>airplane</name><pose>Unspecified</pose><truncated>0</truncated><difficult>0</difficult><bndbox><xmin>113</xmin><ymin>127</ymin><xmax>200</xmax><ymax>209</ymax></bndbox></object></annotation>