<annotation verified="yes"><folder>train</folder><filename>airplane_550.jpg</filename><path>train/airplane_550.jpg</path><source><database>Unknown</database></source><size><width>256</width><height>256</height><depth>3</depth></size><segmented>0</segmented><object><name>airplane</name><pose>Unspecified</pose><truncated>0</truncated><difficult>0</difficult><bndbox><xmin>44</xmin><ymin>129</ymin><xmax>110</xmax><ymax>182</ymax></bndbox></object><object><name>airplane</name><pose>Unspecified</pose><truncated>0</truncated><difficult>0</difficult><bndbox><xmin>52</xmin><ymin>75</ymin><xmax>112</xmax><ymax>115</ymax></bndbox></object><object><name>airplane</name><pose>Unspecified</pose><truncated>0</truncated><difficult>0</difficult><bndbox><xmin>59</xmin><ymin>19</ymin><xmax>119</xmax><ymax>72</ymax></bndbox></object></annotation>