<annotation verified="yes"><folder>train</folder><filename>airplane_084.jpg</filename><path>train/airplane_084.jpg</path><source><database>Unknown</database></source><size><width>256</width><height>256</height><depth>3</depth></size><segmented>0</segmented><object><name>airplane</name><pose>Unspecified</pose><truncated>0</truncated><difficult>0</difficult><bndbox><xmin>171</xmin><ymin>51</ymin><xmax>239</xmax><ymax>116</ymax></bndbox></object><object><name>airplane</name><pose>Unspecified</pose><truncated>0</truncated><difficult>0</difficult><bndbox><xmin>184</xmin><ymin>109</ymin><xmax>253</xmax><ymax>184</ymax></bndbox></object></annotation>