<annotation verified="yes"><folder>train</folder><filename>airplane_184.jpg</filename><path>train/airplane_184.jpg</path><source><database>Unknown</database></source><size><width>256</width><height>256</height><depth>3</depth></size><segmented>0</segmented><object><name>airplane</name><pose>Unspecified</pose><truncated>0</truncated><difficult>0</difficult><bndbox><xmin>27</xmin><ymin>22</ymin><xmax>70</xmax><ymax>53</ymax></bndbox></object><object><name>airplane</name><pose>Unspecified</pose><truncated>0</truncated><difficult>0</difficult><bndbox><xmin>192</xmin><ymin>191</ymin><xmax>242</xmax><ymax>229</ymax></bndbox></object></annotation>