<annotation verified="yes"><folder>train</folder><filename>airplane_304.jpg</filename><path>train/airplane_304.jpg</path><source><database>Unknown</database></source><size><width>256</width><height>256</height><depth>3</depth></size><segmented>0</segmented><object><name>airplane</name><pose>Unspecified</pose><truncated>0</truncated><difficult>0</difficult><bndbox><xmin>14</xmin><ymin>5</ymin><xmax>87</xmax><ymax>70</ymax></bndbox></object><object><name>airplane</name><pose>Unspecified</pose><truncated>0</truncated><difficult>0</difficult><bndbox><xmin>96</xmin><ymin>45</ymin><xmax>145</xmax><ymax>113</ymax></bndbox></object><object><name>airplane</name><pose>Unspecified</pose><truncated>0</truncated><difficult>0</difficult><bndbox><xmin>173</xmin><ymin>72</ymin><xmax>253</xmax><ymax>176</ymax></bndbox></object></annotation>