<annotation verified="yes"><folder>train</folder><filename>airplane_284.jpg</filename><path>train/airplane_284.jpg</path><source><database>Unknown</database></source><size><width>256</width><height>256</height><depth>3</depth></size><segmented>0</segmented><object><name>airplane</name><pose>Unspecified</pose><truncated>0</truncated><difficult>0</difficult><bndbox><xmin>32</xmin><ymin>138</ymin><xmax>60</xmax><ymax>175</ymax></bndbox></object><object><name>airplane</name><pose>Unspecified</pose><truncated>0</truncated><difficult>0</difficult><bndbox><xmin>65</xmin><ymin>90</ymin><xmax>85</xmax><ymax>127</ymax></bndbox></object><object><name>airplane</name><pose>Unspecified</pose><truncated>0</truncated><difficult>0</difficult><bndbox><xmin>98</xmin><ymin>6</ymin><xmax>126</xmax><ymax>34</ymax></bndbox></object></annotation>