<annotation verified="yes"><folder>train</folder><filename>airplane_253.jpg</filename><path>train/airplane_253.jpg</path><source><database>Unknown</database></source><size><width>256</width><height>256</height><depth>3</depth></size><segmented>0</segmented><object><name>airplane</name><pose>Unspecified</pose><truncated>0</truncated><difficult>0</difficult><bndbox><xmin>8</xmin><ymin>32</ymin><xmax>32</xmax><ymax>66</ymax></bndbox></object><object><name>airplane</name><pose>Unspecified</pose><truncated>0</truncated><difficult>0</difficult><bndbox><xmin>116</xmin><ymin>23</ymin><xmax>149</xmax><ymax>59</ymax></bndbox></object><object><name>airplane</name><pose>Unspecified</pose><truncated>0</truncated><difficult>0</difficult><bndbox><xmin>160</xmin><ymin>12</ymin><xmax>188</xmax><ymax>47</ymax></bndbox></object><object><name>airplane</name><pose>Unspecified</pose><truncated>0</truncated><difficult>0</difficult><bndbox><xmin>192</xmin><ymin>6</ymin><xmax>248</xmax><ymax>66</ymax></bndbox></object></annotation>