<annotation verified="yes"><folder>train</folder><filename>airplane_471.jpg</filename><path>train/airplane_471.jpg</path><source><database>Unknown</database></source><size><width>256</width><height>256</height><depth>3</depth></size><segmented>0</segmented><object><name>airplane</name><pose>Unspecified</pose><truncated>0</truncated><difficult>0</difficult><bndbox><xmin>43</xmin><ymin>51</ymin><xmax>64</xmax><ymax>73</ymax></bndbox></object><object><name>airplane</name><pose>Unspecified</pose><truncated>0</truncated><difficult>0</difficult><bndbox><xmin>45</xmin><ymin>13</ymin><xmax>66</xmax><ymax>35</ymax></bndbox></object><object><name>airplane</name><pose>Unspecified</pose><truncated>0</truncated><difficult>0</difficult><bndbox><xmin>76</xmin><ymin>35</ymin><xmax>96</xmax><ymax>59</ymax></bndbox></object></annotation>