<annotation verified="yes"><folder>train</folder><filename>airplane_147.jpg</filename><path>train/airplane_147.jpg</path><source><database>Unknown</database></source><size><width>256</width><height>256</height><depth>3</depth></size><segmented>0</segmented><object><name>airplane</name><pose>Unspecified</pose><truncated>0</truncated><difficult>0</difficult><bndbox><xmin>23</xmin><ymin>190</ymin><xmax>56</xmax><ymax>218</ymax></bndbox></object><object><name>airplane</name><pose>Unspecified</pose><truncated>0</truncated><difficult>0</difficult><bndbox><xmin>60</xmin><ymin>189</ymin><xmax>91</xmax><ymax>222</ymax></bndbox></object></annotation>