<annotation verified="yes"><folder>train</folder><filename>airplane_141.jpg</filename><path>train/airplane_141.jpg</path><source><database>Unknown</database></source><size><width>256</width><height>256</height><depth>3</depth></size><segmented>0</segmented><object><name>airplane</name><pose>Unspecified</pose><truncated>0</truncated><difficult>0</difficult><bndbox><xmin>132</xmin><ymin>46</ymin><xmax>171</xmax><ymax>86</ymax></bndbox></object><object><name>airplane</name><pose>Unspecified</pose><truncated>0</truncated><difficult>0</difficult><bndbox><xmin>43</xmin><ymin>92</ymin><xmax>87</xmax><ymax>128</ymax></bndbox></object><object><name>airplane</name><pose>Unspecified</pose><truncated>0</truncated><difficult>0</difficult><bndbox><xmin>49</xmin><ymin>156</ymin><xmax>84</xmax><ymax>192</ymax></bndbox></object><object><name>airplane</name><pose>Unspecified</pose><truncated>0</truncated><difficult>0</difficult><bndbox><xmin>5</xmin><ymin>190</ymin><xmax>35</xmax><ymax>233</ymax></bndbox></object></annotation>