<annotation verified="yes"><folder>train</folder><filename>airplane_480.jpg</filename><path>train/airplane_480.jpg</path><source><database>Unknown</database></source><size><width>256</width><height>256</height><depth>3</depth></size><segmented>0</segmented><object><name>airplane</name><pose>Unspecified</pose><truncated>0</truncated><difficult>0</difficult><bndbox><xmin>16</xmin><ymin>127</ymin><xmax>78</xmax><ymax>203</ymax></bndbox></object><object><name>airplane</name><pose>Unspecified</pose><truncated>0</truncated><difficult>0</difficult><bndbox><xmin>186</xmin><ymin>177</ymin><xmax>244</xmax><ymax>245</ymax></bndbox></object></annotation>