<annotation verified="yes"><folder>train</folder><filename>airplane_611.jpg</filename><path>train/airplane_611.jpg</path><source><database>Unknown</database></source><size><width>256</width><height>256</height><depth>3</depth></size><segmented>0</segmented><object><name>airplane</name><pose>Unspecified</pose><truncated>0</truncated><difficult>0</difficult><bndbox><xmin>44</xmin><ymin>91</ymin><xmax>120</xmax><ymax>174</ymax></bndbox></object><object><name>airplane</name><pose>Unspecified</pose><truncated>0</truncated><difficult>0</difficult><bndbox><xmin>153</xmin><ymin>111</ymin><xmax>214</xmax><ymax>204</ymax></bndbox></object></annotation>