<annotation verified="yes"><folder>train</folder><filename>airplane_527.jpg</filename><path>train/airplane_527.jpg</path><source><database>Unknown</database></source><size><width>256</width><height>256</height><depth>3</depth></size><segmented>0</segmented><object><name>airplane</name><pose>Unspecified</pose><truncated>0</truncated><difficult>0</difficult><bndbox><xmin>122</xmin><ymin>82</ymin><xmax>225</xmax><ymax>186</ymax></bndbox></object><object><name>airplane</name><pose>Unspecified</pose><truncated>0</truncated><difficult>0</difficult><bndbox><xmin>121</xmin><ymin>200</ymin><xmax>206</xmax><ymax>255</ymax></bndbox></object><object><name>airplane</name><pose>Unspecified</pose><truncated>0</truncated><difficult>0</difficult><bndbox><xmin>138</xmin><ymin>3</ymin><xmax>210</xmax><ymax>48</ymax></bndbox></object></annotation>