<annotation verified="yes"><folder>train</folder><filename>airplane_416.jpg</filename><path>train/airplane_416.jpg</path><source><database>Unknown</database></source><size><width>256</width><height>256</height><depth>3</depth></size><segmented>0</segmented><object><name>airplane</name><pose>Unspecified</pose><truncated>0</truncated><difficult>0</difficult><bndbox><xmin>59</xmin><ymin>82</ymin><xmax>94</xmax><ymax>114</ymax></bndbox></object><object><name>airplane</name><pose>Unspecified</pose><truncated>0</truncated><difficult>0</difficult><bndbox><xmin>93</xmin><ymin>85</ymin><xmax>124</xmax><ymax>117</ymax></bndbox></object><object><name>airplane</name><pose>Unspecified</pose><truncated>0</truncated><difficult>0</difficult><bndbox><xmin>122</xmin><ymin>94</ymin><xmax>148</xmax><ymax>118</ymax></bndbox></object><object><name>airplane</name><pose>Unspecified</pose><truncated>0</truncated><difficult>0</difficult><bndbox><xmin>175</xmin><ymin>126</ymin><xmax>225</xmax><ymax>174</ymax></bndbox></object></annotation>