<annotation verified="yes"><folder>train</folder><filename>airplane_033.jpg</filename><path>train/airplane_033.jpg</path><source><database>Unknown</database></source><size><width>256</width><height>256</height><depth>3</depth></size><segmented>0</segmented><object><name>airplane</name><pose>Unspecified</pose><truncated>0</truncated><difficult>0</difficult><bndbox><xmin>93</xmin><ymin>43</ymin><xmax>132</xmax><ymax>90</ymax></bndbox></object><object><name>airplane</name><pose>Unspecified</pose><truncated>0</truncated><difficult>0</difficult><bndbox><xmin>190</xmin><ymin>32</ymin><xmax>235</xmax><ymax>72</ymax></bndbox></object></annotation>