<annotation verified="yes"><folder>train</folder><filename>airplane_579.jpg</filename><path>train/airplane_579.jpg</path><source><database>Unknown</database></source><size><width>256</width><height>256</height><depth>3</depth></size><segmented>0</segmented><object><name>airplane</name><pose>Unspecified</pose><truncated>0</truncated><difficult>0</difficult><bndbox><xmin>77</xmin><ymin>197</ymin><xmax>145</xmax><ymax>248</ymax></bndbox></object><object><name>airplane</name><pose>Unspecified</pose><truncated>0</truncated><difficult>0</difficult><bndbox><xmin>199</xmin><ymin>67</ymin><xmax>226</xmax><ymax>94</ymax></bndbox></object></annotation>