<annotation verified="yes"><folder>train</folder><filename>airplane_606.jpg</filename><path>train/airplane_606.jpg</path><source><database>Unknown</database></source><size><width>256</width><height>256</height><depth>3</depth></size><segmented>0</segmented><object><name>airplane</name><pose>Unspecified</pose><truncated>0</truncated><difficult>0</difficult><bndbox><xmin>101</xmin><ymin>104</ymin><xmax>127</xmax><ymax>131</ymax></bndbox></object><object><name>airplane</name><pose>Unspecified</pose><truncated>0</truncated><difficult>0</difficult><bndbox><xmin>201</xmin><ymin>54</ymin><xmax>230</xmax><ymax>77</ymax></bndbox></object><object><name>airplane</name><pose>Unspecified</pose><truncated>0</truncated><difficult>0</difficult><bndbox><xmin>159</xmin><ymin>125</ymin><xmax>183</xmax><ymax>151</ymax></bndbox></object></annotation>