<annotation verified="yes"><folder>train</folder><filename>airplane_052.jpg</filename><path>train/airplane_052.jpg</path><source><database>Unknown</database></source><size><width>256</width><height>256</height><depth>3</depth></size><segmented>0</segmented><object><name>airplane</name><pose>Unspecified</pose><truncated>0</truncated><difficult>0</difficult><bndbox><xmin>106</xmin><ymin>4</ymin><xmax>135</xmax><ymax>38</ymax></bndbox></object><object><name>airplane</name><pose>Unspecified</pose><truncated>0</truncated><difficult>0</difficult><bndbox><xmin>25</xmin><ymin>52</ymin><xmax>67</xmax><ymax>89</ymax></bndbox></object></annotation>