<annotation verified="yes"><folder>train</folder><filename>airplane_500.jpg</filename><path>train/airplane_500.jpg</path><source><database>Unknown</database></source><size><width>256</width><height>256</height><depth>3</depth></size><segmented>0</segmented><object><name>airplane</name><pose>Unspecified</pose><truncated>0</truncated><difficult>0</difficult><bndbox><xmin>69</xmin><ymin>136</ymin><xmax>87</xmax><ymax>154</ymax></bndbox></object><object><name>airplane</name><pose>Unspecified</pose><truncated>0</truncated><difficult>0</difficult><bndbox><xmin>115</xmin><ymin>37</ymin><xmax>167</xmax><ymax>74</ymax></bndbox></object></annotation>