<annotation verified="yes"><folder>train</folder><filename>airplane_361.jpg</filename><path>train/airplane_361.jpg</path><source><database>Unknown</database></source><size><width>256</width><height>256</height><depth>3</depth></size><segmented>0</segmented><object><name>airplane</name><pose>Unspecified</pose><truncated>0</truncated><difficult>0</difficult><bndbox><xmin>29</xmin><ymin>74</ymin><xmax>65</xmax><ymax>111</ymax></bndbox></object><object><name>airplane</name><pose>Unspecified</pose><truncated>0</truncated><difficult>0</difficult><bndbox><xmin>71</xmin><ymin>60</ymin><xmax>107</xmax><ymax>103</ymax></bndbox></object><object><name>airplane</name><pose>Unspecified</pose><truncated>0</truncated><difficult>0</difficult><bndbox><xmin>65</xmin><ymin>102</ymin><xmax>106</xmax><ymax>141</ymax></bndbox></object><object><name>airplane</name><pose>Unspecified</pose><truncated>0</truncated><difficult>0</difficult><bndbox><xmin>99</xmin><ymin>125</ymin><xmax>141</xmax><ymax>170</ymax></bndbox></object><object><name>airplane</name><pose>Unspecified</pose><truncated>0</truncated><difficult>0</difficult><bndbox><xmin>181</xmin><ymin>78</ymin><xmax>212</xmax><ymax>116</ymax></bndbox></object></annotation>