<annotation verified="yes"><folder>train</folder><filename>airplane_090.jpg</filename><path>train/airplane_090.jpg</path><source><database>Unknown</database></source><size><width>256</width><height>256</height><depth>3</depth></size><segmented>0</segmented><object><name>airplane</name><pose>Unspecified</pose><truncated>0</truncated><difficult>0</difficult><bndbox><xmin>41</xmin><ymin>103</ymin><xmax>99</xmax><ymax>150</ymax></bndbox></object><object><name>airplane</name><pose>Unspecified</pose><truncated>0</truncated><difficult>0</difficult><bndbox><xmin>186</xmin><ymin>61</ymin><xmax>254</xmax><ymax>107</ymax></bndbox></object><object><name>airplane</name><pose>Unspecified</pose><truncated>0</truncated><difficult>0</difficult><bndbox><xmin>181</xmin><ymin>111</ymin><xmax>231</xmax><ymax>149</ymax></bndbox></object></annotation>