<annotation verified="yes"><folder>train</folder><filename>airplane_054.jpg</filename><path>train/airplane_054.jpg</path><source><database>Unknown</database></source><size><width>256</width><height>256</height><depth>3</depth></size><segmented>0</segmented><object><name>airplane</name><pose>Unspecified</pose><truncated>0</truncated><difficult>0</difficult><bndbox><xmin>102</xmin><ymin>5</ymin><xmax>192</xmax><ymax>80</ymax></bndbox></object><object><name>airplane</name><pose>Unspecified</pose><truncated>0</truncated><difficult>0</difficult><bndbox><xmin>79</xmin><ymin>105</ymin><xmax>166</xmax><ymax>182</ymax></bndbox></object></annotation>