<annotation verified="yes"><folder>train</folder><filename>airplane_071.jpg</filename><path>train/airplane_071.jpg</path><source><database>Unknown</database></source><size><width>256</width><height>256</height><depth>3</depth></size><segmented>0</segmented><object><name>airplane</name><pose>Unspecified</pose><truncated>0</truncated><difficult>0</difficult><bndbox><xmin>178</xmin><ymin>37</ymin><xmax>209</xmax><ymax>64</ymax></bndbox></object><object><name>airplane</name><pose>Unspecified</pose><truncated>0</truncated><difficult>0</difficult><bndbox><xmin>184</xmin><ymin>75</ymin><xmax>240</xmax><ymax>118</ymax></bndbox></object></annotation>