<annotation verified="yes"><folder>train</folder><filename>airplane_504.jpg</filename><path>train/airplane_504.jpg</path><source><database>Unknown</database></source><size><width>256</width><height>256</height><depth>3</depth></size><segmented>0</segmented><object><name>airplane</name><pose>Unspecified</pose><truncated>0</truncated><difficult>0</difficult><bndbox><xmin>136</xmin><ymin>42</ymin><xmax>247</xmax><ymax>132</ymax></bndbox></object><object><name>airplane</name><pose>Unspecified</pose><truncated>0</truncated><difficult>0</difficult><bndbox><xmin>131</xmin><ymin>129</ymin><xmax>207</xmax><ymax>185</ymax></bndbox></object><object><name>airplane</name><pose>Unspecified</pose><truncated>0</truncated><difficult>0</difficult><bndbox><xmin>122</xmin><ymin>194</ymin><xmax>198</xmax><ymax>253</ymax></bndbox></object></annotation>