<annotation verified="yes"><folder>train</folder><filename>airplane_282.jpg</filename><path>train/airplane_282.jpg</path><source><database>Unknown</database></source><size><width>256</width><height>256</height><depth>3</depth></size><segmented>0</segmented><object><name>airplane</name><pose>Unspecified</pose><truncated>0</truncated><difficult>0</difficult><bndbox><xmin>135</xmin><ymin>189</ymin><xmax>184</xmax><ymax>230</ymax></bndbox></object><object><name>airplane</name><pose>Unspecified</pose><truncated>0</truncated><difficult>0</difficult><bndbox><xmin>191</xmin><ymin>166</ymin><xmax>240</xmax><ymax>205</ymax></bndbox></object></annotation>