<annotation verified="yes"><folder>train</folder><filename>airplane_167.jpg</filename><path>train/airplane_167.jpg</path><source><database>Unknown</database></source><size><width>256</width><height>256</height><depth>3</depth></size><segmented>0</segmented><object><name>airplane</name><pose>Unspecified</pose><truncated>0</truncated><difficult>0</difficult><bndbox><xmin>124</xmin><ymin>47</ymin><xmax>206</xmax><ymax>115</ymax></bndbox></object><object><name>airplane</name><pose>Unspecified</pose><truncated>0</truncated><difficult>0</difficult><bndbox><xmin>143</xmin><ymin>127</ymin><xmax>223</xmax><ymax>200</ymax></bndbox></object></annotation>