<annotation verified="yes"><folder>train</folder><filename>airplane_022.jpg</filename><path>train/airplane_022.jpg</path><source><database>Unknown</database></source><size><width>256</width><height>256</height><depth>3</depth></size><segmented>0</segmented><object><name>airplane</name><pose>Unspecified</pose><truncated>0</truncated><difficult>0</difficult><bndbox><xmin>126</xmin><ymin>174</ymin><xmax>168</xmax><ymax>209</ymax></bndbox></object><object><name>airplane</name><pose>Unspecified</pose><truncated>0</truncated><difficult>0</difficult><bndbox><xmin>54</xmin><ymin>3</ymin><xmax>101</xmax><ymax>27</ymax></bndbox></object></annotation>