<annotation verified="yes"><folder>train</folder><filename>airplane_261.jpg</filename><path>train/airplane_261.jpg</path><source><database>Unknown</database></source><size><width>256</width><height>256</height><depth>3</depth></size><segmented>0</segmented><object><name>airplane</name><pose>Unspecified</pose><truncated>0</truncated><difficult>0</difficult><bndbox><xmin>33</xmin><ymin>194</ymin><xmax>66</xmax><ymax>235</ymax></bndbox></object><object><name>airplane</name><pose>Unspecified</pose><truncated>0</truncated><difficult>0</difficult><bndbox><xmin>129</xmin><ymin>130</ymin><xmax>143</xmax><ymax>142</ymax></bndbox></object></annotation>