<annotation verified="yes"><folder>train</folder><filename>airplane_442.jpg</filename><path>train/airplane_442.jpg</path><source><database>Unknown</database></source><size><width>256</width><height>256</height><depth>3</depth></size><segmented>0</segmented><object><name>airplane</name><pose>Unspecified</pose><truncated>0</truncated><difficult>0</difficult><bndbox><xmin>95</xmin><ymin>61</ymin><xmax>117</xmax><ymax>83</ymax></bndbox></object><object><name>airplane</name><pose>Unspecified</pose><truncated>0</truncated><difficult>0</difficult><bndbox><xmin>5</xmin><ymin>11</ymin><xmax>40</xmax><ymax>47</ymax></bndbox></object></annotation>