<annotation verified="yes"><folder>train</folder><filename>airplane_023.jpg</filename><path>train/airplane_023.jpg</path><source><database>Unknown</database></source><size><width>256</width><height>256</height><depth>3</depth></size><segmented>0</segmented><object><name>airplane</name><pose>Unspecified</pose><truncated>0</truncated><difficult>0</difficult><bndbox><xmin>111</xmin><ymin>122</ymin><xmax>153</xmax><ymax>159</ymax></bndbox></object><object><name>airplane</name><pose>Unspecified</pose><truncated>0</truncated><difficult>0</difficult><bndbox><xmin>87</xmin><ymin>44</ymin><xmax>111</xmax><ymax>69</ymax></bndbox></object></annotation>