<annotation verified="yes"><folder>train</folder><filename>airplane_517.jpg</filename><path>train/airplane_517.jpg</path><source><database>Unknown</database></source><size><width>256</width><height>256</height><depth>3</depth></size><segmented>0</segmented><object><name>airplane</name><pose>Unspecified</pose><truncated>0</truncated><difficult>0</difficult><bndbox><xmin>127</xmin><ymin>112</ymin><xmax>149</xmax><ymax>140</ymax></bndbox></object><object><name>airplane</name><pose>Unspecified</pose><truncated>0</truncated><difficult>0</difficult><bndbox><xmin>163</xmin><ymin>145</ymin><xmax>188</xmax><ymax>169</ymax></bndbox></object></annotation>