<annotation verified="yes"><folder>train</folder><filename>airplane_024.jpg</filename><path>train/airplane_024.jpg</path><source><database>Unknown</database></source><size><width>256</width><height>256</height><depth>3</depth></size><segmented>0</segmented><object><name>airplane</name><pose>Unspecified</pose><truncated>0</truncated><difficult>0</difficult><bndbox><xmin>123</xmin><ymin>52</ymin><xmax>155</xmax><ymax>88</ymax></bndbox></object><object><name>airplane</name><pose>Unspecified</pose><truncated>0</truncated><difficult>0</difficult><bndbox><xmin>68</xmin><ymin>63</ymin><xmax>109</xmax><ymax>111</ymax></bndbox></object><object><name>airplane</name><pose>Unspecified</pose><truncated>0</truncated><difficult>0</difficult><bndbox><xmin>20</xmin><ymin>72</ymin><xmax>62</xmax><ymax>107</ymax></bndbox></object><object><name>airplane</name><pose>Unspecified</pose><truncated>0</truncated><difficult>0</difficult><bndbox><xmin>76</xmin><ymin>181</ymin><xmax>118</xmax><ymax>235</ymax></bndbox></object></annotation>