<annotation verified="yes"><folder>train</folder><filename>airplane_435.jpg</filename><path>train/airplane_435.jpg</path><source><database>Unknown</database></source><size><width>256</width><height>256</height><depth>3</depth></size><segmented>0</segmented><object><name>airplane</name><pose>Unspecified</pose><truncated>0</truncated><difficult>0</difficult><bndbox><xmin>21</xmin><ymin>199</ymin><xmax>50</xmax><ymax>222</ymax></bndbox></object><object><name>airplane</name><pose>Unspecified</pose><truncated>0</truncated><difficult>0</difficult><bndbox><xmin>56</xmin><ymin>64</ymin><xmax>92</xmax><ymax>85</ymax></bndbox></object><object><name>airplane</name><pose>Unspecified</pose><truncated>0</truncated><difficult>0</difficult><bndbox><xmin>84</xmin><ymin>9</ymin><xmax>112</xmax><ymax>30</ymax></bndbox></object></annotation>