<annotation verified="yes"><folder>train</folder><filename>airplane_013.jpg</filename><path>train/airplane_013.jpg</path><source><database>Unknown</database></source><size><width>256</width><height>256</height><depth>3</depth></size><segmented>0</segmented><object><name>airplane</name><pose>Unspecified</pose><truncated>0</truncated><difficult>0</difficult><bndbox><xmin>129</xmin><ymin>62</ymin><xmax>158</xmax><ymax>94</ymax></bndbox></object><object><name>airplane</name><pose>Unspecified</pose><truncated>0</truncated><difficult>0</difficult><bndbox><xmin>109</xmin><ymin>158</ymin><xmax>144</xmax><ymax>192</ymax></bndbox></object></annotation>