<annotation verified="yes"><folder>train</folder><filename>airplane_229.jpg</filename><path>train/airplane_229.jpg</path><source><database>Unknown</database></source><size><width>256</width><height>256</height><depth>3</depth></size><segmented>0</segmented><object><name>airplane</name><pose>Unspecified</pose><truncated>0</truncated><difficult>0</difficult><bndbox><xmin>11</xmin><ymin>17</ymin><xmax>38</xmax><ymax>47</ymax></bndbox></object><object><name>airplane</name><pose>Unspecified</pose><truncated>0</truncated><difficult>0</difficult><bndbox><xmin>60</xmin><ymin>12</ymin><xmax>88</xmax><ymax>50</ymax></bndbox></object><object><name>airplane</name><pose>Unspecified</pose><truncated>0</truncated><difficult>0</difficult><bndbox><xmin>109</xmin><ymin>8</ymin><xmax>136</xmax><ymax>38</ymax></bndbox></object></annotation>