<annotation verified="yes"><folder>train</folder><filename>airplane_515.jpg</filename><path>train/airplane_515.jpg</path><source><database>Unknown</database></source><size><width>256</width><height>256</height><depth>3</depth></size><segmented>0</segmented><object><name>airplane</name><pose>Unspecified</pose><truncated>0</truncated><difficult>0</difficult><bndbox><xmin>86</xmin><ymin>24</ymin><xmax>107</xmax><ymax>54</ymax></bndbox></object><object><name>airplane</name><pose>Unspecified</pose><truncated>0</truncated><difficult>0</difficult><bndbox><xmin>122</xmin><ymin>40</ymin><xmax>155</xmax><ymax>93</ymax></bndbox></object><object><name>airplane</name><pose>Unspecified</pose><truncated>0</truncated><difficult>0</difficult><bndbox><xmin>158</xmin><ymin>36</ymin><xmax>200</xmax><ymax>89</ymax></bndbox></object></annotation>