<annotation verified="yes"><folder>train</folder><filename>airplane_588.jpg</filename><path>train/airplane_588.jpg</path><source><database>Unknown</database></source><size><width>256</width><height>256</height><depth>3</depth></size><segmented>0</segmented><object><name>airplane</name><pose>Unspecified</pose><truncated>0</truncated><difficult>0</difficult><bndbox><xmin>60</xmin><ymin>160</ymin><xmax>97</xmax><ymax>203</ymax></bndbox></object><object><name>airplane</name><pose>Unspecified</pose><truncated>0</truncated><difficult>0</difficult><bndbox><xmin>114</xmin><ymin>13</ymin><xmax>185</xmax><ymax>79</ymax></bndbox></object><object><name>airplane</name><pose>Unspecified</pose><truncated>0</truncated><difficult>0</difficult><bndbox><xmin>122</xmin><ymin>183</ymin><xmax>198</xmax><ymax>253</ymax></bndbox></object></annotation>