<annotation verified="yes"><folder>train</folder><filename>airplane_433.jpg</filename><path>train/airplane_433.jpg</path><source><database>Unknown</database></source><size><width>256</width><height>256</height><depth>3</depth></size><segmented>0</segmented><object><name>airplane</name><pose>Unspecified</pose><truncated>0</truncated><difficult>0</difficult><bndbox><xmin>18</xmin><ymin>83</ymin><xmax>99</xmax><ymax>171</ymax></bndbox></object><object><name>airplane</name><pose>Unspecified</pose><truncated>0</truncated><difficult>0</difficult><bndbox><xmin>196</xmin><ymin>112</ymin><xmax>252</xmax><ymax>163</ymax></bndbox></object></annotation>