<annotation verified="yes"><folder>train</folder><filename>airplane_390.jpg</filename><path>train/airplane_390.jpg</path><source><database>Unknown</database></source><size><width>256</width><height>256</height><depth>3</depth></size><segmented>0</segmented><object><name>airplane</name><pose>Unspecified</pose><truncated>0</truncated><difficult>0</difficult><bndbox><xmin>126</xmin><ymin>193</ymin><xmax>175</xmax><ymax>238</ymax></bndbox></object><object><name>airplane</name><pose>Unspecified</pose><truncated>0</truncated><difficult>0</difficult><bndbox><xmin>198</xmin><ymin>92</ymin><xmax>242</xmax><ymax>129</ymax></bndbox></object></annotation>