<annotation verified="yes"><folder>train</folder><filename>airplane_100.jpg</filename><path>train/airplane_100.jpg</path><source><database>Unknown</database></source><size><width>256</width><height>256</height><depth>3</depth></size><segmented>0</segmented><object><name>airplane</name><pose>Unspecified</pose><truncated>0</truncated><difficult>0</difficult><bndbox><xmin>101</xmin><ymin>42</ymin><xmax>148</xmax><ymax>83</ymax></bndbox></object><object><name>airplane</name><pose>Unspecified</pose><truncated>0</truncated><difficult>0</difficult><bndbox><xmin>130</xmin><ymin>135</ymin><xmax>175</xmax><ymax>185</ymax></bndbox></object></annotation>