<annotation verified="yes"><folder>train</folder><filename>airplane_419.jpg</filename><path>train/airplane_419.jpg</path><source><database>Unknown</database></source><size><width>256</width><height>256</height><depth>3</depth></size><segmented>0</segmented><object><name>airplane</name><pose>Unspecified</pose><truncated>0</truncated><difficult>0</difficult><bndbox><xmin>105</xmin><ymin>35</ymin><xmax>174</xmax><ymax>97</ymax></bndbox></object><object><name>airplane</name><pose>Unspecified</pose><truncated>0</truncated><difficult>0</difficult><bndbox><xmin>91</xmin><ymin>115</ymin><xmax>156</xmax><ymax>170</ymax></bndbox></object><object><name>airplane</name><pose>Unspecified</pose><truncated>0</truncated><difficult>0</difficult><bndbox><xmin>182</xmin><ymin>61</ymin><xmax>255</xmax><ymax>175</ymax></bndbox></object></annotation>