<annotation verified="yes"><folder>train</folder><filename>airplane_127.jpg</filename><path>train/airplane_127.jpg</path><source><database>Unknown</database></source><size><width>256</width><height>256</height><depth>3</depth></size><segmented>0</segmented><object><name>airplane</name><pose>Unspecified</pose><truncated>0</truncated><difficult>0</difficult><bndbox><xmin>3</xmin><ymin>47</ymin><xmax>42</xmax><ymax>82</ymax></bndbox></object><object><name>airplane</name><pose>Unspecified</pose><truncated>0</truncated><difficult>0</difficult><bndbox><xmin>211</xmin><ymin>154</ymin><xmax>249</xmax><ymax>198</ymax></bndbox></object></annotation>