<annotation verified="yes"><folder>train</folder><filename>airplane_312.jpg</filename><path>train/airplane_312.jpg</path><source><database>Unknown</database></source><size><width>256</width><height>256</height><depth>3</depth></size><segmented>0</segmented><object><name>airplane</name><pose>Unspecified</pose><truncated>0</truncated><difficult>0</difficult><bndbox><xmin>60</xmin><ymin>119</ymin><xmax>123</xmax><ymax>185</ymax></bndbox></object><object><name>airplane</name><pose>Unspecified</pose><truncated>0</truncated><difficult>0</difficult><bndbox><xmin>129</xmin><ymin>99</ymin><xmax>200</xmax><ymax>173</ymax></bndbox></object><object><name>airplane</name><pose>Unspecified</pose><truncated>0</truncated><difficult>0</difficult><bndbox><xmin>174</xmin><ymin>52</ymin><xmax>255</xmax><ymax>122</ymax></bndbox></object><object><name>airplane</name><pose>Unspecified</pose><truncated>0</truncated><difficult>0</difficult><bndbox><xmin>1</xmin><ymin>167</ymin><xmax>55</xmax><ymax>234</ymax></bndbox></object></annotation>