<annotation verified="yes"><folder>train</folder><filename>airplane_005.jpg</filename><path>train/airplane_005.jpg</path><source><database>Unknown</database></source><size><width>256</width><height>256</height><depth>3</depth></size><segmented>0</segmented><object><name>airplane</name><pose>Unspecified</pose><truncated>0</truncated><difficult>0</difficult><bndbox><xmin>3</xmin><ymin>105</ymin><xmax>67</xmax><ymax>150</ymax></bndbox></object><object><name>airplane</name><pose>Unspecified</pose><truncated>0</truncated><difficult>0</difficult><bndbox><xmin>170</xmin><ymin>35</ymin><xmax>229</xmax><ymax>73</ymax></bndbox></object><object><name>airplane</name><pose>Unspecified</pose><truncated>0</truncated><difficult>0</difficult><bndbox><xmin>139</xmin><ymin>172</ymin><xmax>196</xmax><ymax>214</ymax></bndbox></object><object><name>airplane</name><pose>Unspecified</pose><truncated>0</truncated><difficult>0</difficult><bndbox><xmin>223</xmin><ymin>137</ymin><xmax>254</xmax><ymax>173</ymax></bndbox></object></annotation>