<annotation verified="yes"><folder>train</folder><filename>airplane_133.jpg</filename><path>train/airplane_133.jpg</path><source><database>Unknown</database></source><size><width>256</width><height>256</height><depth>3</depth></size><segmented>0</segmented><object><name>airplane</name><pose>Unspecified</pose><truncated>0</truncated><difficult>0</difficult><bndbox><xmin>134</xmin><ymin>170</ymin><xmax>170</xmax><ymax>210</ymax></bndbox></object><object><name>airplane</name><pose>Unspecified</pose><truncated>0</truncated><difficult>0</difficult><bndbox><xmin>172</xmin><ymin>161</ymin><xmax>208</xmax><ymax>206</ymax></bndbox></object><object><name>airplane</name><pose>Unspecified</pose><truncated>0</truncated><difficult>0</difficult><bndbox><xmin>162</xmin><ymin>198</ymin><xmax>191</xmax><ymax>226</ymax></bndbox></object></annotation>