<annotation verified="yes"><folder>train</folder><filename>airplane_121.jpg</filename><path>train/airplane_121.jpg</path><source><database>Unknown</database></source><size><width>256</width><height>256</height><depth>3</depth></size><segmented>0</segmented><object><name>airplane</name><pose>Unspecified</pose><truncated>0</truncated><difficult>0</difficult><bndbox><xmin>6</xmin><ymin>35</ymin><xmax>88</xmax><ymax>123</ymax></bndbox></object><object><name>airplane</name><pose>Unspecified</pose><truncated>0</truncated><difficult>0</difficult><bndbox><xmin>170</xmin><ymin>97</ymin><xmax>250</xmax><ymax>185</ymax></bndbox></object></annotation>