<annotation verified="yes"><folder>train</folder><filename>airplane_017.jpg</filename><path>train/airplane_017.jpg</path><source><database>Unknown</database></source><size><width>256</width><height>256</height><depth>3</depth></size><segmented>0</segmented><object><name>airplane</name><pose>Unspecified</pose><truncated>0</truncated><difficult>0</difficult><bndbox><xmin>45</xmin><ymin>86</ymin><xmax>106</xmax><ymax>153</ymax></bndbox></object><object><name>airplane</name><pose>Unspecified</pose><truncated>0</truncated><difficult>0</difficult><bndbox><xmin>133</xmin><ymin>64</ymin><xmax>193</xmax><ymax>125</ymax></bndbox></object></annotation>