<annotation verified="yes"><folder>train</folder><filename>airplane_269.jpg</filename><path>train/airplane_269.jpg</path><source><database>Unknown</database></source><size><width>256</width><height>256</height><depth>3</depth></size><segmented>0</segmented><object><name>airplane</name><pose>Unspecified</pose><truncated>0</truncated><difficult>0</difficult><bndbox><xmin>46</xmin><ymin>45</ymin><xmax>80</xmax><ymax>85</ymax></bndbox></object><object><name>airplane</name><pose>Unspecified</pose><truncated>0</truncated><difficult>0</difficult><bndbox><xmin>175</xmin><ymin>111</ymin><xmax>209</xmax><ymax>146</ymax></bndbox></object></annotation>