<annotation verified="yes"><folder>train</folder><filename>airplane_604.jpg</filename><path>train/airplane_604.jpg</path><source><database>Unknown</database></source><size><width>256</width><height>256</height><depth>3</depth></size><segmented>0</segmented><object><name>airplane</name><pose>Unspecified</pose><truncated>0</truncated><difficult>0</difficult><bndbox><xmin>58</xmin><ymin>127</ymin><xmax>97</xmax><ymax>155</ymax></bndbox></object><object><name>airplane</name><pose>Unspecified</pose><truncated>0</truncated><difficult>0</difficult><bndbox><xmin>43</xmin><ymin>62</ymin><xmax>83</xmax><ymax>100</ymax></bndbox></object></annotation>