<annotation verified="yes"><folder>train</folder><filename>airplane_027.jpg</filename><path>train/airplane_027.jpg</path><source><database>Unknown</database></source><size><width>256</width><height>256</height><depth>3</depth></size><segmented>0</segmented><object><name>airplane</name><pose>Unspecified</pose><truncated>0</truncated><difficult>0</difficult><bndbox><xmin>60</xmin><ymin>14</ymin><xmax>97</xmax><ymax>67</ymax></bndbox></object><object><name>airplane</name><pose>Unspecified</pose><truncated>0</truncated><difficult>0</difficult><bndbox><xmin>140</xmin><ymin>164</ymin><xmax>171</xmax><ymax>191</ymax></bndbox></object></annotation>