<annotation verified="yes"><folder>train</folder><filename>airplane_540.jpg</filename><path>train/airplane_540.jpg</path><source><database>Unknown</database></source><size><width>256</width><height>256</height><depth>3</depth></size><segmented>0</segmented><object><name>airplane</name><pose>Unspecified</pose><truncated>0</truncated><difficult>0</difficult><bndbox><xmin>68</xmin><ymin>138</ymin><xmax>122</xmax><ymax>190</ymax></bndbox></object><object><name>airplane</name><pose>Unspecified</pose><truncated>0</truncated><difficult>0</difficult><bndbox><xmin>74</xmin><ymin>40</ymin><xmax>163</xmax><ymax>109</ymax></bndbox></object></annotation>