<annotation verified="yes"><folder>train</folder><filename>airplane_585.jpg</filename><path>train/airplane_585.jpg</path><source><database>Unknown</database></source><size><width>256</width><height>256</height><depth>3</depth></size><segmented>0</segmented><object><name>airplane</name><pose>Unspecified</pose><truncated>0</truncated><difficult>0</difficult><bndbox><xmin>70</xmin><ymin>53</ymin><xmax>128</xmax><ymax>100</ymax></bndbox></object><object><name>airplane</name><pose>Unspecified</pose><truncated>0</truncated><difficult>0</difficult><bndbox><xmin>166</xmin><ymin>146</ymin><xmax>208</xmax><ymax>197</ymax></bndbox></object></annotation>