<annotation verified="yes"><folder>train</folder><filename>airplane_128.jpg</filename><path>train/airplane_128.jpg</path><source><database>Unknown</database></source><size><width>256</width><height>256</height><depth>3</depth></size><segmented>0</segmented><object><name>airplane</name><pose>Unspecified</pose><truncated>0</truncated><difficult>0</difficult><bndbox><xmin>29</xmin><ymin>25</ymin><xmax>98</xmax><ymax>77</ymax></bndbox></object><object><name>airplane</name><pose>Unspecified</pose><truncated>0</truncated><difficult>0</difficult><bndbox><xmin>69</xmin><ymin>84</ymin><xmax>145</xmax><ymax>145</ymax></bndbox></object><object><name>airplane</name><pose>Unspecified</pose><truncated>0</truncated><difficult>0</difficult><bndbox><xmin>118</xmin><ymin>155</ymin><xmax>193</xmax><ymax>225</ymax></bndbox></object></annotation>