<annotation verified="yes"><folder>train</folder><filename>airplane_324.jpg</filename><path>train/airplane_324.jpg</path><source><database>Unknown</database></source><size><width>256</width><height>256</height><depth>3</depth></size><segmented>0</segmented><object><name>airplane</name><pose>Unspecified</pose><truncated>0</truncated><difficult>0</difficult><bndbox><xmin>91</xmin><ymin>117</ymin><xmax>161</xmax><ymax>176</ymax></bndbox></object><object><name>airplane</name><pose>Unspecified</pose><truncated>0</truncated><difficult>0</difficult><bndbox><xmin>174</xmin><ymin>26</ymin><xmax>239</xmax><ymax>86</ymax></bndbox></object><object><name>airplane</name><pose>Unspecified</pose><truncated>0</truncated><difficult>0</difficult><bndbox><xmin>21</xmin><ymin>181</ymin><xmax>86</xmax><ymax>242</ymax></bndbox></object></annotation>