<annotation verified="yes"><folder>train</folder><filename>airplane_385.jpg</filename><path>train/airplane_385.jpg</path><source><database>Unknown</database></source><size><width>256</width><height>256</height><depth>3</depth></size><segmented>0</segmented><object><name>airplane</name><pose>Unspecified</pose><truncated>0</truncated><difficult>0</difficult><bndbox><xmin>12</xmin><ymin>60</ymin><xmax>98</xmax><ymax>135</ymax></bndbox></object><object><name>airplane</name><pose>Unspecified</pose><truncated>0</truncated><difficult>0</difficult><bndbox><xmin>149</xmin><ymin>65</ymin><xmax>240</xmax><ymax>138</ymax></bndbox></object></annotation>