<annotation verified="yes"><folder>train</folder><filename>airplane_066.jpg</filename><path>train/airplane_066.jpg</path><source><database>Unknown</database></source><size><width>256</width><height>256</height><depth>3</depth></size><segmented>0</segmented><object><name>airplane</name><pose>Unspecified</pose><truncated>0</truncated><difficult>0</difficult><bndbox><xmin>40</xmin><ymin>62</ymin><xmax>118</xmax><ymax>148</ymax></bndbox></object><object><name>airplane</name><pose>Unspecified</pose><truncated>0</truncated><difficult>0</difficult><bndbox><xmin>127</xmin><ymin>67</ymin><xmax>210</xmax><ymax>148</ymax></bndbox></object></annotation>