<annotation verified="yes"><folder>train</folder><filename>airplane_581.jpg</filename><path>train/airplane_581.jpg</path><source><database>Unknown</database></source><size><width>256</width><height>256</height><depth>3</depth></size><segmented>0</segmented><object><name>airplane</name><pose>Unspecified</pose><truncated>0</truncated><difficult>0</difficult><bndbox><xmin>31</xmin><ymin>24</ymin><xmax>61</xmax><ymax>48</ymax></bndbox></object><object><name>airplane</name><pose>Unspecified</pose><truncated>0</truncated><difficult>0</difficult><bndbox><xmin>88</xmin><ymin>61</ymin><xmax>119</xmax><ymax>89</ymax></bndbox></object><object><name>airplane</name><pose>Unspecified</pose><truncated>0</truncated><difficult>0</difficult><bndbox><xmin>61</xmin><ymin>91</ymin><xmax>95</xmax><ymax>125</ymax></bndbox></object><object><name>airplane</name><pose>Unspecified</pose><truncated>0</truncated><difficult>0</difficult><bndbox><xmin>123</xmin><ymin>128</ymin><xmax>142</xmax><ymax>147</ymax></bndbox></object><object><name>airplane</name><pose>Unspecified</pose><truncated>0</truncated><difficult>0</difficult><bndbox><xmin>185</xmin><ymin>171</ymin><xmax>215</xmax><ymax>204</ymax></bndbox></object></annotation>