<annotation verified="yes"><folder>train</folder><filename>airplane_113.jpg</filename><path>train/airplane_113.jpg</path><source><database>Unknown</database></source><size><width>256</width><height>256</height><depth>3</depth></size><segmented>0</segmented><object><name>airplane</name><pose>Unspecified</pose><truncated>0</truncated><difficult>0</difficult><bndbox><xmin>4</xmin><ymin>36</ymin><xmax>25</xmax><ymax>65</ymax></bndbox></object><object><name>airplane</name><pose>Unspecified</pose><truncated>0</truncated><difficult>0</difficult><bndbox><xmin>224</xmin><ymin>133</ymin><xmax>250</xmax><ymax>164</ymax></bndbox></object></annotation>