<annotation verified="yes"><folder>train</folder><filename>airplane_412.jpg</filename><path>train/airplane_412.jpg</path><source><database>Unknown</database></source><size><width>256</width><height>256</height><depth>3</depth></size><segmented>0</segmented><object><name>airplane</name><pose>Unspecified</pose><truncated>0</truncated><difficult>0</difficult><bndbox><xmin>73</xmin><ymin>113</ymin><xmax>187</xmax><ymax>200</ymax></bndbox></object><object><name>airplane</name><pose>Unspecified</pose><truncated>0</truncated><difficult>0</difficult><bndbox><xmin>115</xmin><ymin>20</ymin><xmax>234</xmax><ymax>102</ymax></bndbox></object></annotation>