<annotation verified="yes"><folder>train</folder><filename>airplane_110.jpg</filename><path>train/airplane_110.jpg</path><source><database>Unknown</database></source><size><width>256</width><height>256</height><depth>3</depth></size><segmented>0</segmented><object><name>airplane</name><pose>Unspecified</pose><truncated>0</truncated><difficult>0</difficult><bndbox><xmin>3</xmin><ymin>19</ymin><xmax>58</xmax><ymax>71</ymax></bndbox></object><object><name>airplane</name><pose>Unspecified</pose><truncated>0</truncated><difficult>0</difficult><bndbox><xmin>187</xmin><ymin>175</ymin><xmax>250</xmax><ymax>239</ymax></bndbox></object></annotation>