<annotation verified="yes"><folder>train</folder><filename>airplane_196.jpg</filename><path>train/airplane_196.jpg</path><source><database>Unknown</database></source><size><width>256</width><height>256</height><depth>3</depth></size><segmented>0</segmented><object><name>airplane</name><pose>Unspecified</pose><truncated>0</truncated><difficult>0</difficult><bndbox><xmin>50</xmin><ymin>109</ymin><xmax>128</xmax><ymax>203</ymax></bndbox></object><object><name>airplane</name><pose>Unspecified</pose><truncated>0</truncated><difficult>0</difficult><bndbox><xmin>137</xmin><ymin>88</ymin><xmax>217</xmax><ymax>171</ymax></bndbox></object></annotation>