<annotation verified="yes"><folder>train</folder><filename>airplane_555.jpg</filename><path>train/airplane_555.jpg</path><source><database>Unknown</database></source><size><width>256</width><height>256</height><depth>3</depth></size><segmented>0</segmented><object><name>airplane</name><pose>Unspecified</pose><truncated>0</truncated><difficult>0</difficult><bndbox><xmin>38</xmin><ymin>7</ymin><xmax>110</xmax><ymax>95</ymax></bndbox></object><object><name>airplane</name><pose>Unspecified</pose><truncated>0</truncated><difficult>0</difficult><bndbox><xmin>153</xmin><ymin>88</ymin><xmax>201</xmax><ymax>137</ymax></bndbox></object></annotation>