<annotation verified="yes"><folder>train</folder><filename>airplane_290.jpg</filename><path>train/airplane_290.jpg</path><source><database>Unknown</database></source><size><width>256</width><height>256</height><depth>3</depth></size><segmented>0</segmented><object><name>airplane</name><pose>Unspecified</pose><truncated>0</truncated><difficult>0</difficult><bndbox><xmin>16</xmin><ymin>109</ymin><xmax>42</xmax><ymax>128</ymax></bndbox></object><object><name>airplane</name><pose>Unspecified</pose><truncated>0</truncated><difficult>0</difficult><bndbox><xmin>48</xmin><ymin>117</ymin><xmax>63</xmax><ymax>134</ymax></bndbox></object><object><name>airplane</name><pose>Unspecified</pose><truncated>0</truncated><difficult>0</difficult><bndbox><xmin>180</xmin><ymin>159</ymin><xmax>208</xmax><ymax>182</ymax></bndbox></object><object><name>airplane</name><pose>Unspecified</pose><truncated>0</truncated><difficult>0</difficult><bndbox><xmin>216</xmin><ymin>100</ymin><xmax>240</xmax><ymax>129</ymax></bndbox></object></annotation>