<annotation verified="yes"><folder>train</folder><filename>airplane_016.jpg</filename><path>train/airplane_016.jpg</path><source><database>Unknown</database></source><size><width>256</width><height>256</height><depth>3</depth></size><segmented>0</segmented><object><name>airplane</name><pose>Unspecified</pose><truncated>0</truncated><difficult>0</difficult><bndbox><xmin>128</xmin><ymin>22</ymin><xmax>166</xmax><ymax>57</ymax></bndbox></object><object><name>airplane</name><pose>Unspecified</pose><truncated>0</truncated><difficult>0</difficult><bndbox><xmin>199</xmin><ymin>103</ymin><xmax>237</xmax><ymax>137</ymax></bndbox></object></annotation>