<annotation verified="yes"><folder>train</folder><filename>airplane_511.jpg</filename><path>train/airplane_511.jpg</path><source><database>Unknown</database></source><size><width>256</width><height>256</height><depth>3</depth></size><segmented>0</segmented><object><name>airplane</name><pose>Unspecified</pose><truncated>0</truncated><difficult>0</difficult><bndbox><xmin>201</xmin><ymin>219</ymin><xmax>253</xmax><ymax>254</ymax></bndbox></object><object><name>airplane</name><pose>Unspecified</pose><truncated>0</truncated><difficult>0</difficult><bndbox><xmin>165</xmin><ymin>31</ymin><xmax>217</xmax><ymax>73</ymax></bndbox></object></annotation>