<annotation verified="yes"><folder>train</folder><filename>airplane_372.jpg</filename><path>train/airplane_372.jpg</path><source><database>Unknown</database></source><size><width>256</width><height>256</height><depth>3</depth></size><segmented>0</segmented><object><name>airplane</name><pose>Unspecified</pose><truncated>0</truncated><difficult>0</difficult><bndbox><xmin>74</xmin><ymin>147</ymin><xmax>108</xmax><ymax>185</ymax></bndbox></object><object><name>airplane</name><pose>Unspecified</pose><truncated>0</truncated><difficult>0</difficult><bndbox><xmin>130</xmin><ymin>203</ymin><xmax>162</xmax><ymax>233</ymax></bndbox></object><object><name>airplane</name><pose>Unspecified</pose><truncated>0</truncated><difficult>0</difficult><bndbox><xmin>164</xmin><ymin>148</ymin><xmax>196</xmax><ymax>178</ymax></bndbox></object></annotation>