<annotation verified="yes"><folder>train</folder><filename>airplane_490.jpg</filename><path>train/airplane_490.jpg</path><source><database>Unknown</database></source><size><width>256</width><height>256</height><depth>3</depth></size><segmented>0</segmented><object><name>airplane</name><pose>Unspecified</pose><truncated>0</truncated><difficult>0</difficult><bndbox><xmin>61</xmin><ymin>125</ymin><xmax>124</xmax><ymax>206</ymax></bndbox></object><object><name>airplane</name><pose>Unspecified</pose><truncated>0</truncated><difficult>0</difficult><bndbox><xmin>165</xmin><ymin>71</ymin><xmax>211</xmax><ymax>141</ymax></bndbox></object></annotation>