<annotation verified="yes"><folder>train</folder><filename>airplane_587.jpg</filename><path>train/airplane_587.jpg</path><source><database>Unknown</database></source><size><width>256</width><height>256</height><depth>3</depth></size><segmented>0</segmented><object><name>airplane</name><pose>Unspecified</pose><truncated>0</truncated><difficult>0</difficult><bndbox><xmin>84</xmin><ymin>140</ymin><xmax>162</xmax><ymax>203</ymax></bndbox></object><object><name>airplane</name><pose>Unspecified</pose><truncated>0</truncated><difficult>0</difficult><bndbox><xmin>154</xmin><ymin>54</ymin><xmax>217</xmax><ymax>109</ymax></bndbox></object></annotation>