<annotation verified="yes"><folder>train</folder><filename>airplane_108.jpg</filename><path>train/airplane_108.jpg</path><source><database>Unknown</database></source><size><width>256</width><height>256</height><depth>3</depth></size><segmented>0</segmented><object><name>airplane</name><pose>Unspecified</pose><truncated>0</truncated><difficult>0</difficult><bndbox><xmin>113</xmin><ymin>56</ymin><xmax>185</xmax><ymax>134</ymax></bndbox></object><object><name>airplane</name><pose>Unspecified</pose><truncated>0</truncated><difficult>0</difficult><bndbox><xmin>21</xmin><ymin>89</ymin><xmax>96</xmax><ymax>168</ymax></bndbox></object></annotation>