<annotation verified="yes"><folder>train</folder><filename>airplane_351.jpg</filename><path>train/airplane_351.jpg</path><source><database>Unknown</database></source><size><width>256</width><height>256</height><depth>3</depth></size><segmented>0</segmented><object><name>airplane</name><pose>Unspecified</pose><truncated>0</truncated><difficult>0</difficult><bndbox><xmin>113</xmin><ymin>59</ymin><xmax>148</xmax><ymax>93</ymax></bndbox></object><object><name>airplane</name><pose>Unspecified</pose><truncated>0</truncated><difficult>0</difficult><bndbox><xmin>166</xmin><ymin>11</ymin><xmax>201</xmax><ymax>48</ymax></bndbox></object></annotation>