<annotation verified="yes"><folder>train</folder><filename>airplane_582.jpg</filename><path>train/airplane_582.jpg</path><source><database>Unknown</database></source><size><width>256</width><height>256</height><depth>3</depth></size><segmented>0</segmented><object><name>airplane</name><pose>Unspecified</pose><truncated>0</truncated><difficult>0</difficult><bndbox><xmin>102</xmin><ymin>143</ymin><xmax>145</xmax><ymax>179</ymax></bndbox></object><object><name>airplane</name><pose>Unspecified</pose><truncated>0</truncated><difficult>0</difficult><bndbox><xmin>79</xmin><ymin>30</ymin><xmax>115</xmax><ymax>63</ymax></bndbox></object></annotation>