<annotation verified="yes"><folder>train</folder><filename>airplane_276.jpg</filename><path>train/airplane_276.jpg</path><source><database>Unknown</database></source><size><width>256</width><height>256</height><depth>3</depth></size><segmented>0</segmented><object><name>airplane</name><pose>Unspecified</pose><truncated>0</truncated><difficult>0</difficult><bndbox><xmin>99</xmin><ymin>101</ymin><xmax>181</xmax><ymax>154</ymax></bndbox></object><object><name>airplane</name><pose>Unspecified</pose><truncated>0</truncated><difficult>0</difficult><bndbox><xmin>144</xmin><ymin>3</ymin><xmax>210</xmax><ymax>42</ymax></bndbox></object><object><name>airplane</name><pose>Unspecified</pose><truncated>0</truncated><difficult>0</difficult><bndbox><xmin>63</xmin><ymin>181</ymin><xmax>146</xmax><ymax>246</ymax></bndbox></object></annotation>