<annotation verified="yes"><folder>train</folder><filename>airplane_468.jpg</filename><path>train/airplane_468.jpg</path><source><database>Unknown</database></source><size><width>256</width><height>256</height><depth>3</depth></size><segmented>0</segmented><object><name>airplane</name><pose>Unspecified</pose><truncated>0</truncated><difficult>0</difficult><bndbox><xmin>105</xmin><ymin>89</ymin><xmax>170</xmax><ymax>156</ymax></bndbox></object><object><name>airplane</name><pose>Unspecified</pose><truncated>0</truncated><difficult>0</difficult><bndbox><xmin>41</xmin><ymin>30</ymin><xmax>104</xmax><ymax>93</ymax></bndbox></object></annotation>