<annotation verified="yes"><folder>train</folder><filename>airplane_423.jpg</filename><path>train/airplane_423.jpg</path><source><database>Unknown</database></source><size><width>256</width><height>256</height><depth>3</depth></size><segmented>0</segmented><object><name>airplane</name><pose>Unspecified</pose><truncated>0</truncated><difficult>0</difficult><bndbox><xmin>140</xmin><ymin>18</ymin><xmax>162</xmax><ymax>42</ymax></bndbox></object><object><name>airplane</name><pose>Unspecified</pose><truncated>0</truncated><difficult>0</difficult><bndbox><xmin>96</xmin><ymin>61</ymin><xmax>119</xmax><ymax>85</ymax></bndbox></object><object><name>airplane</name><pose>Unspecified</pose><truncated>0</truncated><difficult>0</difficult><bndbox><xmin>75</xmin><ymin>82</ymin><xmax>97</xmax><ymax>102</ymax></bndbox></object><object><name>airplane</name><pose>Unspecified</pose><truncated>0</truncated><difficult>0</difficult><bndbox><xmin>86</xmin><ymin>213</ymin><xmax>128</xmax><ymax>246</ymax></bndbox></object></annotation>