<annotation verified="yes"><folder>train</folder><filename>airplane_165.jpg</filename><path>train/airplane_165.jpg</path><source><database>Unknown</database></source><size><width>256</width><height>256</height><depth>3</depth></size><segmented>0</segmented><object><name>airplane</name><pose>Unspecified</pose><truncated>0</truncated><difficult>0</difficult><bndbox><xmin>58</xmin><ymin>178</ymin><xmax>119</xmax><ymax>243</ymax></bndbox></object><object><name>airplane</name><pose>Unspecified</pose><truncated>0</truncated><difficult>0</difficult><bndbox><xmin>210</xmin><ymin>83</ymin><xmax>244</xmax><ymax>117</ymax></bndbox></object></annotation>