<annotation verified="yes"><folder>train</folder><filename>airplane_365.jpg</filename><path>train/airplane_365.jpg</path><source><database>Unknown</database></source><size><width>256</width><height>256</height><depth>3</depth></size><segmented>0</segmented><object><name>airplane</name><pose>Unspecified</pose><truncated>0</truncated><difficult>0</difficult><bndbox><xmin>93</xmin><ymin>3</ymin><xmax>195</xmax><ymax>55</ymax></bndbox></object><object><name>airplane</name><pose>Unspecified</pose><truncated>0</truncated><difficult>0</difficult><bndbox><xmin>98</xmin><ymin>80</ymin><xmax>202</xmax><ymax>152</ymax></bndbox></object><object><name>airplane</name><pose>Unspecified</pose><truncated>0</truncated><difficult>0</difficult><bndbox><xmin>113</xmin><ymin>181</ymin><xmax>197</xmax><ymax>250</ymax></bndbox></object><object><name>airplane</name><pose>Unspecified</pose><truncated>0</truncated><difficult>0</difficult><bndbox><xmin>200</xmin><ymin>1</ymin><xmax>255</xmax><ymax>32</ymax></bndbox></object></annotation>