<annotation verified="yes"><folder>train</folder><filename>airplane_512.jpg</filename><path>train/airplane_512.jpg</path><source><database>Unknown</database></source><size><width>256</width><height>256</height><depth>3</depth></size><segmented>0</segmented><object><name>airplane</name><pose>Unspecified</pose><truncated>0</truncated><difficult>0</difficult><bndbox><xmin>41</xmin><ymin>113</ymin><xmax>93</xmax><ymax>141</ymax></bndbox></object><object><name>airplane</name><pose>Unspecified</pose><truncated>0</truncated><difficult>0</difficult><bndbox><xmin>46</xmin><ymin>79</ymin><xmax>104</xmax><ymax>107</ymax></bndbox></object></annotation>