<annotation verified="yes"><folder>train</folder><filename>airplane_547.jpg</filename><path>train/airplane_547.jpg</path><source><database>Unknown</database></source><size><width>256</width><height>256</height><depth>3</depth></size><segmented>0</segmented><object><name>airplane</name><pose>Unspecified</pose><truncated>0</truncated><difficult>0</difficult><bndbox><xmin>20</xmin><ymin>112</ymin><xmax>68</xmax><ymax>157</ymax></bndbox></object><object><name>airplane</name><pose>Unspecified</pose><truncated>0</truncated><difficult>0</difficult><bndbox><xmin>132</xmin><ymin>57</ymin><xmax>179</xmax><ymax>110</ymax></bndbox></object><object><name>airplane</name><pose>Unspecified</pose><truncated>0</truncated><difficult>0</difficult><bndbox><xmin>192</xmin><ymin>34</ymin><xmax>231</xmax><ymax>78</ymax></bndbox></object></annotation>