<annotation verified="yes"><folder>train</folder><filename>airplane_370.jpg</filename><path>train/airplane_370.jpg</path><source><database>Unknown</database></source><size><width>256</width><height>256</height><depth>3</depth></size><segmented>0</segmented><object><name>airplane</name><pose>Unspecified</pose><truncated>0</truncated><difficult>0</difficult><bndbox><xmin>117</xmin><ymin>81</ymin><xmax>214</xmax><ymax>166</ymax></bndbox></object><object><name>airplane</name><pose>Unspecified</pose><truncated>0</truncated><difficult>0</difficult><bndbox><xmin>191</xmin><ymin>4</ymin><xmax>249</xmax><ymax>36</ymax></bndbox></object></annotation>