<annotation verified="yes"><folder>train</folder><filename>airplane_338.jpg</filename><path>train/airplane_338.jpg</path><source><database>Unknown</database></source><size><width>256</width><height>256</height><depth>3</depth></size><segmented>0</segmented><object><name>airplane</name><pose>Unspecified</pose><truncated>0</truncated><difficult>0</difficult><bndbox><xmin>133</xmin><ymin>0</ymin><xmax>204</xmax><ymax>66</ymax></bndbox></object><object><name>airplane</name><pose>Unspecified</pose><truncated>0</truncated><difficult>0</difficult><bndbox><xmin>114</xmin><ymin>79</ymin><xmax>190</xmax><ymax>150</ymax></bndbox></object><object><name>airplane</name><pose>Unspecified</pose><truncated>0</truncated><difficult>0</difficult><bndbox><xmin>60</xmin><ymin>129</ymin><xmax>143</xmax><ymax>204</ymax></bndbox></object><object><name>airplane</name><pose>Unspecified</pose><truncated>0</truncated><difficult>0</difficult><bndbox><xmin>38</xmin><ymin>185</ymin><xmax>118</xmax><ymax>255</ymax></bndbox></object></annotation>