<annotation verified="yes"><folder>train</folder><filename>airplane_205.jpg</filename><path>train/airplane_205.jpg</path><source><database>Unknown</database></source><size><width>256</width><height>256</height><depth>3</depth></size><segmented>0</segmented><object><name>airplane</name><pose>Unspecified</pose><truncated>0</truncated><difficult>0</difficult><bndbox><xmin>92</xmin><ymin>58</ymin><xmax>152</xmax><ymax>117</ymax></bndbox></object><object><name>airplane</name><pose>Unspecified</pose><truncated>0</truncated><difficult>0</difficult><bndbox><xmin>112</xmin><ymin>142</ymin><xmax>179</xmax><ymax>215</ymax></bndbox></object></annotation>