<annotation verified="yes"><folder>train</folder><filename>airplane_048.jpg</filename><path>train/airplane_048.jpg</path><source><database>Unknown</database></source><size><width>256</width><height>256</height><depth>3</depth></size><segmented>0</segmented><object><name>airplane</name><pose>Unspecified</pose><truncated>0</truncated><difficult>0</difficult><bndbox><xmin>37</xmin><ymin>151</ymin><xmax>105</xmax><ymax>220</ymax></bndbox></object><object><name>airplane</name><pose>Unspecified</pose><truncated>0</truncated><difficult>0</difficult><bndbox><xmin>108</xmin><ymin>36</ymin><xmax>176</xmax><ymax>107</ymax></bndbox></object></annotation>