<annotation verified="yes"><folder>train</folder><filename>airplane_413.jpg</filename><path>train/airplane_413.jpg</path><source><database>Unknown</database></source><size><width>256</width><height>256</height><depth>3</depth></size><segmented>0</segmented><object><name>airplane</name><pose>Unspecified</pose><truncated>0</truncated><difficult>0</difficult><bndbox><xmin>118</xmin><ymin>99</ymin><xmax>157</xmax><ymax>137</ymax></bndbox></object><object><name>airplane</name><pose>Unspecified</pose><truncated>0</truncated><difficult>0</difficult><bndbox><xmin>168</xmin><ymin>165</ymin><xmax>195</xmax><ymax>188</ymax></bndbox></object></annotation>