<annotation verified="yes"><folder>train</folder><filename>airplane_019.jpg</filename><path>train/airplane_019.jpg</path><source><database>Unknown</database></source><size><width>256</width><height>256</height><depth>3</depth></size><segmented>0</segmented><object><name>airplane</name><pose>Unspecified</pose><truncated>0</truncated><difficult>0</difficult><bndbox><xmin>2</xmin><ymin>99</ymin><xmax>41</xmax><ymax>147</ymax></bndbox></object><object><name>airplane</name><pose>Unspecified</pose><truncated>0</truncated><difficult>0</difficult><bndbox><xmin>4</xmin><ymin>4</ymin><xmax>34</xmax><ymax>20</ymax></bndbox></object><object><name>airplane</name><pose>Unspecified</pose><truncated>0</truncated><difficult>0</difficult><bndbox><xmin>97</xmin><ymin>29</ymin><xmax>144</xmax><ymax>72</ymax></bndbox></object><object><name>airplane</name><pose>Unspecified</pose><truncated>0</truncated><difficult>0</difficult><bndbox><xmin>81</xmin><ymin>220</ymin><xmax>129</xmax><ymax>252</ymax></bndbox></object></annotation>