<annotation verified="yes"><folder>train</folder><filename>airplane_451.jpg</filename><path>train/airplane_451.jpg</path><source><database>Unknown</database></source><size><width>256</width><height>256</height><depth>3</depth></size><segmented>0</segmented><object><name>airplane</name><pose>Unspecified</pose><truncated>0</truncated><difficult>0</difficult><bndbox><xmin>42</xmin><ymin>32</ymin><xmax>119</xmax><ymax>109</ymax></bndbox></object><object><name>airplane</name><pose>Unspecified</pose><truncated>0</truncated><difficult>0</difficult><bndbox><xmin>143</xmin><ymin>140</ymin><xmax>224</xmax><ymax>214</ymax></bndbox></object></annotation>