<annotation verified="yes"><folder>train</folder><filename>airplane_559.jpg</filename><path>train/airplane_559.jpg</path><source><database>Unknown</database></source><size><width>256</width><height>256</height><depth>3</depth></size><segmented>0</segmented><object><name>airplane</name><pose>Unspecified</pose><truncated>0</truncated><difficult>0</difficult><bndbox><xmin>130</xmin><ymin>184</ymin><xmax>169</xmax><ymax>229</ymax></bndbox></object><object><name>airplane</name><pose>Unspecified</pose><truncated>0</truncated><difficult>0</difficult><bndbox><xmin>197</xmin><ymin>146</ymin><xmax>231</xmax><ymax>177</ymax></bndbox></object></annotation>