<annotation verified="yes"><folder>train</folder><filename>airplane_305.jpg</filename><path>train/airplane_305.jpg</path><source><database>Unknown</database></source><size><width>256</width><height>256</height><depth>3</depth></size><segmented>0</segmented><object><name>airplane</name><pose>Unspecified</pose><truncated>0</truncated><difficult>0</difficult><bndbox><xmin>44</xmin><ymin>63</ymin><xmax>140</xmax><ymax>172</ymax></bndbox></object><object><name>airplane</name><pose>Unspecified</pose><truncated>0</truncated><difficult>0</difficult><bndbox><xmin>159</xmin><ymin>72</ymin><xmax>248</xmax><ymax>180</ymax></bndbox></object></annotation>