<annotation verified="yes"><folder>train</folder><filename>airplane_012.jpg</filename><path>train/airplane_012.jpg</path><source><database>Unknown</database></source><size><width>256</width><height>256</height><depth>3</depth></size><segmented>0</segmented><object><name>airplane</name><pose>Unspecified</pose><truncated>0</truncated><difficult>0</difficult><bndbox><xmin>29</xmin><ymin>12</ymin><xmax>123</xmax><ymax>98</ymax></bndbox></object><object><name>airplane</name><pose>Unspecified</pose><truncated>0</truncated><difficult>0</difficult><bndbox><xmin>82</xmin><ymin>137</ymin><xmax>186</xmax><ymax>227</ymax></bndbox></object></annotation>