<annotation verified="yes"><folder>train</folder><filename>airplane_265.jpg</filename><path>train/airplane_265.jpg</path><source><database>Unknown</database></source><size><width>256</width><height>256</height><depth>3</depth></size><segmented>0</segmented><object><name>airplane</name><pose>Unspecified</pose><truncated>0</truncated><difficult>0</difficult><bndbox><xmin>97</xmin><ymin>172</ymin><xmax>160</xmax><ymax>226</ymax></bndbox></object><object><name>airplane</name><pose>Unspecified</pose><truncated>0</truncated><difficult>0</difficult><bndbox><xmin>124</xmin><ymin>42</ymin><xmax>170</xmax><ymax>81</ymax></bndbox></object></annotation>