<annotation verified="yes"><folder>train</folder><filename>airplane_296.jpg</filename><path>train/airplane_296.jpg</path><source><database>Unknown</database></source><size><width>256</width><height>256</height><depth>3</depth></size><segmented>0</segmented><object><name>airplane</name><pose>Unspecified</pose><truncated>0</truncated><difficult>0</difficult><bndbox><xmin>5</xmin><ymin>89</ymin><xmax>93</xmax><ymax>193</ymax></bndbox></object><object><name>airplane</name><pose>Unspecified</pose><truncated>0</truncated><difficult>0</difficult><bndbox><xmin>161</xmin><ymin>114</ymin><xmax>253</xmax><ymax>218</ymax></bndbox></object></annotation>