<annotation verified="yes"><folder>train</folder><filename>airplane_485.jpg</filename><path>train/airplane_485.jpg</path><source><database>Unknown</database></source><size><width>256</width><height>256</height><depth>3</depth></size><segmented>0</segmented><object><name>airplane</name><pose>Unspecified</pose><truncated>0</truncated><difficult>0</difficult><bndbox><xmin>38</xmin><ymin>38</ymin><xmax>95</xmax><ymax>80</ymax></bndbox></object><object><name>airplane</name><pose>Unspecified</pose><truncated>0</truncated><difficult>0</difficult><bndbox><xmin>194</xmin><ymin>4</ymin><xmax>227</xmax><ymax>25</ymax></bndbox></object><object><name>airplane</name><pose>Unspecified</pose><truncated>0</truncated><difficult>0</difficult><bndbox><xmin>214</xmin><ymin>25</ymin><xmax>245</xmax><ymax>51</ymax></bndbox></object></annotation>