<annotation verified="yes"><folder>train</folder><filename>airplane_136.jpg</filename><path>train/airplane_136.jpg</path><source><database>Unknown</database></source><size><width>256</width><height>256</height><depth>3</depth></size><segmented>0</segmented><object><name>airplane</name><pose>Unspecified</pose><truncated>0</truncated><difficult>0</difficult><bndbox><xmin>55</xmin><ymin>127</ymin><xmax>149</xmax><ymax>219</ymax></bndbox></object><object><name>airplane</name><pose>Unspecified</pose><truncated>0</truncated><difficult>0</difficult><bndbox><xmin>101</xmin><ymin>14</ymin><xmax>198</xmax><ymax>99</ymax></bndbox></object></annotation>