<annotation verified="yes"><folder>train</folder><filename>airplane_081.jpg</filename><path>train/airplane_081.jpg</path><source><database>Unknown</database></source><size><width>256</width><height>256</height><depth>3</depth></size><segmented>0</segmented><object><name>airplane</name><pose>Unspecified</pose><truncated>0</truncated><difficult>0</difficult><bndbox><xmin>60</xmin><ymin>46</ymin><xmax>125</xmax><ymax>144</ymax></bndbox></object><object><name>airplane</name><pose>Unspecified</pose><truncated>0</truncated><difficult>0</difficult><bndbox><xmin>148</xmin><ymin>83</ymin><xmax>210</xmax><ymax>147</ymax></bndbox></object></annotation>