<annotation verified="yes"><folder>train</folder><filename>airplane_056.jpg</filename><path>train/airplane_056.jpg</path><source><database>Unknown</database></source><size><width>256</width><height>256</height><depth>3</depth></size><segmented>0</segmented><object><name>airplane</name><pose>Unspecified</pose><truncated>0</truncated><difficult>0</difficult><bndbox><xmin>35</xmin><ymin>88</ymin><xmax>68</xmax><ymax>113</ymax></bndbox></object><object><name>airplane</name><pose>Unspecified</pose><truncated>0</truncated><difficult>0</difficult><bndbox><xmin>116</xmin><ymin>103</ymin><xmax>149</xmax><ymax>134</ymax></bndbox></object><object><name>airplane</name><pose>Unspecified</pose><truncated>0</truncated><difficult>0</difficult><bndbox><xmin>130</xmin><ymin>180</ymin><xmax>165</xmax><ymax>214</ymax></bndbox></object><object><name>airplane</name><pose>Unspecified</pose><truncated>0</truncated><difficult>0</difficult><bndbox><xmin>193</xmin><ymin>129</ymin><xmax>235</xmax><ymax>162</ymax></bndbox></object><object><name>airplane</name><pose>Unspecified</pose><truncated>0</truncated><difficult>0</difficult><bndbox><xmin>207</xmin><ymin>47</ymin><xmax>235</xmax><ymax>72</ymax></bndbox></object></annotation>