<annotation verified="yes"><folder>train</folder><filename>airplane_530.jpg</filename><path>train/airplane_530.jpg</path><source><database>Unknown</database></source><size><width>256</width><height>256</height><depth>3</depth></size><segmented>0</segmented><object><name>airplane</name><pose>Unspecified</pose><truncated>0</truncated><difficult>0</difficult><bndbox><xmin>5</xmin><ymin>77</ymin><xmax>122</xmax><ymax>194</ymax></bndbox></object><object><name>airplane</name><pose>Unspecified</pose><truncated>0</truncated><difficult>0</difficult><bndbox><xmin>216</xmin><ymin>106</ymin><xmax>255</xmax><ymax>148</ymax></bndbox></object></annotation>