<annotation verified="yes"><folder>train</folder><filename>airplane_257.jpg</filename><path>train/airplane_257.jpg</path><source><database>Unknown</database></source><size><width>256</width><height>256</height><depth>3</depth></size><segmented>0</segmented><object><name>airplane</name><pose>Unspecified</pose><truncated>0</truncated><difficult>0</difficult><bndbox><xmin>64</xmin><ymin>122</ymin><xmax>186</xmax><ymax>223</ymax></bndbox></object><object><name>airplane</name><pose>Unspecified</pose><truncated>0</truncated><difficult>0</difficult><bndbox><xmin>54</xmin><ymin>4</ymin><xmax>155</xmax><ymax>93</ymax></bndbox></object></annotation>