<annotation verified="yes"><folder>train</folder><filename>airplane_347.jpg</filename><path>train/airplane_347.jpg</path><source><database>Unknown</database></source><size><width>256</width><height>256</height><depth>3</depth></size><segmented>0</segmented><object><name>airplane</name><pose>Unspecified</pose><truncated>0</truncated><difficult>0</difficult><bndbox><xmin>125</xmin><ymin>85</ymin><xmax>148</xmax><ymax>108</ymax></bndbox></object><object><name>airplane</name><pose>Unspecified</pose><truncated>0</truncated><difficult>0</difficult><bndbox><xmin>152</xmin><ymin>87</ymin><xmax>176</xmax><ymax>110</ymax></bndbox></object><object><name>airplane</name><pose>Unspecified</pose><truncated>0</truncated><difficult>0</difficult><bndbox><xmin>192</xmin><ymin>94</ymin><xmax>216</xmax><ymax>120</ymax></bndbox></object><object><name>airplane</name><pose>Unspecified</pose><truncated>0</truncated><difficult>0</difficult><bndbox><xmin>205</xmin><ymin>46</ymin><xmax>243</xmax><ymax>92</ymax></bndbox></object><object><name>airplane</name><pose>Unspecified</pose><truncated>0</truncated><difficult>0</difficult><bndbox><xmin>144</xmin><ymin>2</ymin><xmax>182</xmax><ymax>32</ymax></bndbox></object><object><name>airplane</name><pose>Unspecified</pose><truncated>0</truncated><difficult>0</difficult><bndbox><xmin>200</xmin><ymin>3</ymin><xmax>246</xmax><ymax>21</ymax></bndbox></object><object><name>airplane</name><pose>Unspecified</pose><truncated>0</truncated><difficult>0</difficult><bndbox><xmin>87</xmin><ymin>2</ymin><xmax>124</xmax><ymax>23</ymax></bndbox></object><object><name>airplane</name><pose>Unspecified</pose><truncated>0</truncated><difficult>0</difficult><bndbox><xmin>121</xmin><ymin>17</ymin><xmax>140</xmax><ymax>37</ymax></bndbox></object><object><name>airplane</name><pose>Unspecified</pose><truncated>0</truncated><difficult>0</difficult><bndbox><xmin>16</xmin><ymin>38</ymin><xmax>37</xmax><ymax>62</ymax></bndbox></object><object><name>airplane</name><pose>Unspecified</pose><truncated>0</truncated><difficult>0</difficult><bndbox><xmin>3</xmin><ymin>62</ymin><xmax>28</xmax><ymax>84</ymax></bndbox></object><object><name>airplane</name><pose>Unspecified</pose><truncated>0</truncated><difficult>0</difficult><bndbox><xmin>39</xmin><ymin>69</ymin><xmax>66</xmax><ymax>92</ymax></bndbox></object><object><name>airplane</name><pose>Unspecified</pose><truncated>0</truncated><difficult>0</difficult><bndbox><xmin>81</xmin><ymin>77</ymin><xmax>106</xmax><ymax>100</ymax></bndbox></object><object><name>airplane</name><pose>Unspecified</pose><truncated>0</truncated><difficult>0</difficult><bndbox><xmin>241</xmin><ymin>89</ymin><xmax>255</xmax><ymax>120</ymax></bndbox></object></annotation>