<annotation verified="yes"><folder>train</folder><filename>airplane_564.jpg</filename><path>train/airplane_564.jpg</path><source><database>Unknown</database></source><size><width>256</width><height>256</height><depth>3</depth></size><segmented>0</segmented><object><name>airplane</name><pose>Unspecified</pose><truncated>0</truncated><difficult>0</difficult><bndbox><xmin>79</xmin><ymin>146</ymin><xmax>102</xmax><ymax>169</ymax></bndbox></object><object><name>airplane</name><pose>Unspecified</pose><truncated>0</truncated><difficult>0</difficult><bndbox><xmin>114</xmin><ymin>128</ymin><xmax>152</xmax><ymax>165</ymax></bndbox></object><object><name>airplane</name><pose>Unspecified</pose><truncated>0</truncated><difficult>0</difficult><bndbox><xmin>105</xmin><ymin>37</ymin><xmax>138</xmax><ymax>71</ymax></bndbox></object></annotation>