<annotation verified="yes"><folder>train</folder><filename>airplane_366.jpg</filename><path>train/airplane_366.jpg</path><source><database>Unknown</database></source><size><width>256</width><height>256</height><depth>3</depth></size><segmented>0</segmented><object><name>airplane</name><pose>Unspecified</pose><truncated>0</truncated><difficult>0</difficult><bndbox><xmin>85</xmin><ymin>7</ymin><xmax>127</xmax><ymax>36</ymax></bndbox></object><object><name>airplane</name><pose>Unspecified</pose><truncated>0</truncated><difficult>0</difficult><bndbox><xmin>80</xmin><ymin>51</ymin><xmax>127</xmax><ymax>88</ymax></bndbox></object><object><name>airplane</name><pose>Unspecified</pose><truncated>0</truncated><difficult>0</difficult><bndbox><xmin>55</xmin><ymin>133</ymin><xmax>97</xmax><ymax>167</ymax></bndbox></object><object><name>airplane</name><pose>Unspecified</pose><truncated>0</truncated><difficult>0</difficult><bndbox><xmin>195</xmin><ymin>108</ymin><xmax>230</xmax><ymax>149</ymax></bndbox></object></annotation>