<annotation verified="yes"><folder>train</folder><filename>airplane_213.jpg</filename><path>train/airplane_213.jpg</path><source><database>Unknown</database></source><size><width>256</width><height>256</height><depth>3</depth></size><segmented>0</segmented><object><name>airplane</name><pose>Unspecified</pose><truncated>0</truncated><difficult>0</difficult><bndbox><xmin>79</xmin><ymin>195</ymin><xmax>148</xmax><ymax>249</ymax></bndbox></object><object><name>airplane</name><pose>Unspecified</pose><truncated>0</truncated><difficult>0</difficult><bndbox><xmin>3</xmin><ymin>6</ymin><xmax>66</xmax><ymax>56</ymax></bndbox></object><object><name>airplane</name><pose>Unspecified</pose><truncated>0</truncated><difficult>0</difficult><bndbox><xmin>209</xmin><ymin>12</ymin><xmax>255</xmax><ymax>69</ymax></bndbox></object></annotation>