<annotation verified="yes"><folder>train</folder><filename>airplane_072.jpg</filename><path>train/airplane_072.jpg</path><source><database>Unknown</database></source><size><width>256</width><height>256</height><depth>3</depth></size><segmented>0</segmented><object><name>airplane</name><pose>Unspecified</pose><truncated>0</truncated><difficult>0</difficult><bndbox><xmin>87</xmin><ymin>33</ymin><xmax>183</xmax><ymax>108</ymax></bndbox></object><object><name>airplane</name><pose>Unspecified</pose><truncated>0</truncated><difficult>0</difficult><bndbox><xmin>114</xmin><ymin>187</ymin><xmax>175</xmax><ymax>247</ymax></bndbox></object></annotation>