<annotation verified="yes"><folder>train</folder><filename>airplane_317.jpg</filename><path>train/airplane_317.jpg</path><source><database>Unknown</database></source><size><width>256</width><height>256</height><depth>3</depth></size><segmented>0</segmented><object><name>airplane</name><pose>Unspecified</pose><truncated>0</truncated><difficult>0</difficult><bndbox><xmin>30</xmin><ymin>33</ymin><xmax>137</xmax><ymax>120</ymax></bndbox></object><object><name>airplane</name><pose>Unspecified</pose><truncated>0</truncated><difficult>0</difficult><bndbox><xmin>125</xmin><ymin>118</ymin><xmax>229</xmax><ymax>218</ymax></bndbox></object></annotation>