<annotation verified="yes"><folder>train</folder><filename>airplane_377.jpg</filename><path>train/airplane_377.jpg</path><source><database>Unknown</database></source><size><width>256</width><height>256</height><depth>3</depth></size><segmented>0</segmented><object><name>airplane</name><pose>Unspecified</pose><truncated>0</truncated><difficult>0</difficult><bndbox><xmin>79</xmin><ymin>69</ymin><xmax>180</xmax><ymax>165</ymax></bndbox></object><object><name>airplane</name><pose>Unspecified</pose><truncated>0</truncated><difficult>0</difficult><bndbox><xmin>186</xmin><ymin>165</ymin><xmax>255</xmax><ymax>234</ymax></bndbox></object></annotation>