<annotation verified="yes"><folder>train</folder><filename>airplane_335.jpg</filename><path>train/airplane_335.jpg</path><source><database>Unknown</database></source><size><width>256</width><height>256</height><depth>3</depth></size><segmented>0</segmented><object><name>airplane</name><pose>Unspecified</pose><truncated>0</truncated><difficult>0</difficult><bndbox><xmin>9</xmin><ymin>51</ymin><xmax>59</xmax><ymax>89</ymax></bndbox></object><object><name>airplane</name><pose>Unspecified</pose><truncated>0</truncated><difficult>0</difficult><bndbox><xmin>38</xmin><ymin>96</ymin><xmax>85</xmax><ymax>132</ymax></bndbox></object><object><name>airplane</name><pose>Unspecified</pose><truncated>0</truncated><difficult>0</difficult><bndbox><xmin>66</xmin><ymin>150</ymin><xmax>120</xmax><ymax>182</ymax></bndbox></object><object><name>airplane</name><pose>Unspecified</pose><truncated>0</truncated><difficult>0</difficult><bndbox><xmin>115</xmin><ymin>187</ymin><xmax>161</xmax><ymax>233</ymax></bndbox></object></annotation>