<annotation verified="yes"><folder>train</folder><filename>airplane_001.jpg</filename><path>train/airplane_001.jpg</path><source><database>Unknown</database></source><size><width>256</width><height>256</height><depth>3</depth></size><segmented>0</segmented><object><name>airplane</name><pose>Unspecified</pose><truncated>0</truncated><difficult>0</difficult><bndbox><xmin>173</xmin><ymin>15</ymin><xmax>232</xmax><ymax>70</ymax></bndbox></object><object><name>airplane</name><pose>Unspecified</pose><truncated>0</truncated><difficult>0</difficult><bndbox><xmin>49</xmin><ymin>76</ymin><xmax>139</xmax><ymax>153</ymax></bndbox></object><object><name>airplane</name><pose>Unspecified</pose><truncated>0</truncated><difficult>0</difficult><bndbox><xmin>4</xmin><ymin>164</ymin><xmax>93</xmax><ymax>244</ymax></bndbox></object></annotation>