<annotation verified="yes"><folder>train</folder><filename>airplane_589.jpg</filename><path>train/airplane_589.jpg</path><source><database>Unknown</database></source><size><width>256</width><height>256</height><depth>3</depth></size><segmented>0</segmented><object><name>airplane</name><pose>Unspecified</pose><truncated>0</truncated><difficult>0</difficult><bndbox><xmin>26</xmin><ymin>61</ymin><xmax>111</xmax><ymax>115</ymax></bndbox></object><object><name>airplane</name><pose>Unspecified</pose><truncated>0</truncated><difficult>0</difficult><bndbox><xmin>126</xmin><ymin>106</ymin><xmax>213</xmax><ymax>166</ymax></bndbox></object></annotation>