<annotation verified="yes"><folder>train</folder><filename>airplane_362.jpg</filename><path>train/airplane_362.jpg</path><source><database>Unknown</database></source><size><width>256</width><height>256</height><depth>3</depth></size><segmented>0</segmented><object><name>airplane</name><pose>Unspecified</pose><truncated>0</truncated><difficult>0</difficult><bndbox><xmin>90</xmin><ymin>148</ymin><xmax>156</xmax><ymax>230</ymax></bndbox></object><object><name>airplane</name><pose>Unspecified</pose><truncated>0</truncated><difficult>0</difficult><bndbox><xmin>178</xmin><ymin>142</ymin><xmax>252</xmax><ymax>221</ymax></bndbox></object><object><name>airplane</name><pose>Unspecified</pose><truncated>0</truncated><difficult>0</difficult><bndbox><xmin>5</xmin><ymin>178</ymin><xmax>48</xmax><ymax>235</ymax></bndbox></object></annotation>