<annotation verified="yes"><folder>train</folder><filename>airplane_289.jpg</filename><path>train/airplane_289.jpg</path><source><database>Unknown</database></source><size><width>256</width><height>256</height><depth>3</depth></size><segmented>0</segmented><object><name>airplane</name><pose>Unspecified</pose><truncated>0</truncated><difficult>0</difficult><bndbox><xmin>47</xmin><ymin>19</ymin><xmax>129</xmax><ymax>136</ymax></bndbox></object><object><name>airplane</name><pose>Unspecified</pose><truncated>0</truncated><difficult>0</difficult><bndbox><xmin>167</xmin><ymin>69</ymin><xmax>252</xmax><ymax>181</ymax></bndbox></object></annotation>