<annotation verified="yes"><folder>train</folder><filename>airplane_318.jpg</filename><path>train/airplane_318.jpg</path><source><database>Unknown</database></source><size><width>256</width><height>256</height><depth>3</depth></size><segmented>0</segmented><object><name>airplane</name><pose>Unspecified</pose><truncated>0</truncated><difficult>0</difficult><bndbox><xmin>58</xmin><ymin>193</ymin><xmax>84</xmax><ymax>214</ymax></bndbox></object><object><name>airplane</name><pose>Unspecified</pose><truncated>0</truncated><difficult>0</difficult><bndbox><xmin>5</xmin><ymin>172</ymin><xmax>36</xmax><ymax>210</ymax></bndbox></object></annotation>