<annotation verified="yes"><folder>train</folder><filename>airplane_111.jpg</filename><path>train/airplane_111.jpg</path><source><database>Unknown</database></source><size><width>256</width><height>256</height><depth>3</depth></size><segmented>0</segmented><object><name>airplane</name><pose>Unspecified</pose><truncated>0</truncated><difficult>0</difficult><bndbox><xmin>11</xmin><ymin>63</ymin><xmax>64</xmax><ymax>108</ymax></bndbox></object><object><name>airplane</name><pose>Unspecified</pose><truncated>0</truncated><difficult>0</difficult><bndbox><xmin>96</xmin><ymin>92</ymin><xmax>195</xmax><ymax>203</ymax></bndbox></object></annotation>