<annotation verified="yes"><folder>train</folder><filename>airplane_278.jpg</filename><path>train/airplane_278.jpg</path><source><database>Unknown</database></source><size><width>256</width><height>256</height><depth>3</depth></size><segmented>0</segmented><object><name>airplane</name><pose>Unspecified</pose><truncated>0</truncated><difficult>0</difficult><bndbox><xmin>11</xmin><ymin>117</ymin><xmax>73</xmax><ymax>187</ymax></bndbox></object><object><name>airplane</name><pose>Unspecified</pose><truncated>0</truncated><difficult>0</difficult><bndbox><xmin>187</xmin><ymin>60</ymin><xmax>253</xmax><ymax>139</ymax></bndbox></object></annotation>