<annotation verified="yes"><folder>train</folder><filename>airplane_232.jpg</filename><path>train/airplane_232.jpg</path><source><database>Unknown</database></source><size><width>256</width><height>256</height><depth>3</depth></size><segmented>0</segmented><object><name>airplane</name><pose>Unspecified</pose><truncated>0</truncated><difficult>0</difficult><bndbox><xmin>35</xmin><ymin>94</ymin><xmax>124</xmax><ymax>181</ymax></bndbox></object><object><name>airplane</name><pose>Unspecified</pose><truncated>0</truncated><difficult>0</difficult><bndbox><xmin>158</xmin><ymin>31</ymin><xmax>252</xmax><ymax>131</ymax></bndbox></object></annotation>