<annotation verified="yes"><folder>train</folder><filename>airplane_315.jpg</filename><path>train/airplane_315.jpg</path><source><database>Unknown</database></source><size><width>256</width><height>256</height><depth>3</depth></size><segmented>0</segmented><object><name>airplane</name><pose>Unspecified</pose><truncated>0</truncated><difficult>0</difficult><bndbox><xmin>64</xmin><ymin>153</ymin><xmax>124</xmax><ymax>197</ymax></bndbox></object><object><name>airplane</name><pose>Unspecified</pose><truncated>0</truncated><difficult>0</difficult><bndbox><xmin>144</xmin><ymin>119</ymin><xmax>194</xmax><ymax>158</ymax></bndbox></object><object><name>airplane</name><pose>Unspecified</pose><truncated>0</truncated><difficult>0</difficult><bndbox><xmin>97</xmin><ymin>34</ymin><xmax>156</xmax><ymax>75</ymax></bndbox></object></annotation>