<annotation verified="yes"><folder>train</folder><filename>airplane_425.jpg</filename><path>train/airplane_425.jpg</path><source><database>Unknown</database></source><size><width>256</width><height>256</height><depth>3</depth></size><segmented>0</segmented><object><name>airplane</name><pose>Unspecified</pose><truncated>0</truncated><difficult>0</difficult><bndbox><xmin>26</xmin><ymin>129</ymin><xmax>58</xmax><ymax>167</ymax></bndbox></object><object><name>airplane</name><pose>Unspecified</pose><truncated>0</truncated><difficult>0</difficult><bndbox><xmin>176</xmin><ymin>25</ymin><xmax>208</xmax><ymax>48</ymax></bndbox></object></annotation>