<annotation verified="yes"><folder>train</folder><filename>airplane_182.jpg</filename><path>train/airplane_182.jpg</path><source><database>Unknown</database></source><size><width>256</width><height>256</height><depth>3</depth></size><segmented>0</segmented><object><name>airplane</name><pose>Unspecified</pose><truncated>0</truncated><difficult>0</difficult><bndbox><xmin>2</xmin><ymin>16</ymin><xmax>31</xmax><ymax>50</ymax></bndbox></object><object><name>airplane</name><pose>Unspecified</pose><truncated>0</truncated><difficult>0</difficult><bndbox><xmin>222</xmin><ymin>4</ymin><xmax>253</xmax><ymax>36</ymax></bndbox></object></annotation>