<annotation verified="yes"><folder>train</folder><filename>airplane_409.jpg</filename><path>train/airplane_409.jpg</path><source><database>Unknown</database></source><size><width>256</width><height>256</height><depth>3</depth></size><segmented>0</segmented><object><name>airplane</name><pose>Unspecified</pose><truncated>0</truncated><difficult>0</difficult><bndbox><xmin>68</xmin><ymin>17</ymin><xmax>143</xmax><ymax>83</ymax></bndbox></object><object><name>airplane</name><pose>Unspecified</pose><truncated>0</truncated><difficult>0</difficult><bndbox><xmin>70</xmin><ymin>107</ymin><xmax>133</xmax><ymax>176</ymax></bndbox></object><object><name>airplane</name><pose>Unspecified</pose><truncated>0</truncated><difficult>0</difficult><bndbox><xmin>68</xmin><ymin>193</ymin><xmax>124</xmax><ymax>253</ymax></bndbox></object><object><name>airplane</name><pose>Unspecified</pose><truncated>0</truncated><difficult>0</difficult><bndbox><xmin>228</xmin><ymin>1</ymin><xmax>255</xmax><ymax>41</ymax></bndbox></object></annotation>