<annotation verified="yes"><folder>train</folder><filename>airplane_593.jpg</filename><path>train/airplane_593.jpg</path><source><database>Unknown</database></source><size><width>256</width><height>256</height><depth>3</depth></size><segmented>0</segmented><object><name>airplane</name><pose>Unspecified</pose><truncated>0</truncated><difficult>0</difficult><bndbox><xmin>6</xmin><ymin>127</ymin><xmax>76</xmax><ymax>189</ymax></bndbox></object><object><name>airplane</name><pose>Unspecified</pose><truncated>0</truncated><difficult>0</difficult><bndbox><xmin>59</xmin><ymin>121</ymin><xmax>120</xmax><ymax>187</ymax></bndbox></object><object><name>airplane</name><pose>Unspecified</pose><truncated>0</truncated><difficult>0</difficult><bndbox><xmin>103</xmin><ymin>120</ymin><xmax>158</xmax><ymax>187</ymax></bndbox></object><object><name>airplane</name><pose>Unspecified</pose><truncated>0</truncated><difficult>0</difficult><bndbox><xmin>144</xmin><ymin>116</ymin><xmax>202</xmax><ymax>180</ymax></bndbox></object><object><name>airplane</name><pose>Unspecified</pose><truncated>0</truncated><difficult>0</difficult><bndbox><xmin>190</xmin><ymin>110</ymin><xmax>252</xmax><ymax>183</ymax></bndbox></object><object><name>airplane</name><pose>Unspecified</pose><truncated>0</truncated><difficult>0</difficult><bndbox><xmin>157</xmin><ymin>2</ymin><xmax>215</xmax><ymax>53</ymax></bndbox></object><object><name>airplane</name><pose>Unspecified</pose><truncated>0</truncated><difficult>0</difficult><bndbox><xmin>92</xmin><ymin>7</ymin><xmax>146</xmax><ymax>61</ymax></bndbox></object><object><name>airplane</name><pose>Unspecified</pose><truncated>0</truncated><difficult>0</difficult><bndbox><xmin>20</xmin><ymin>20</ymin><xmax>80</xmax><ymax>69</ymax></bndbox></object></annotation>