<annotation verified="yes"><folder>train</folder><filename>airplane_055.jpg</filename><path>train/airplane_055.jpg</path><source><database>Unknown</database></source><size><width>256</width><height>256</height><depth>3</depth></size><segmented>0</segmented><object><name>airplane</name><pose>Unspecified</pose><truncated>0</truncated><difficult>0</difficult><bndbox><xmin>76</xmin><ymin>6</ymin><xmax>127</xmax><ymax>64</ymax></bndbox></object><object><name>airplane</name><pose>Unspecified</pose><truncated>0</truncated><difficult>0</difficult><bndbox><xmin>142</xmin><ymin>63</ymin><xmax>177</xmax><ymax>104</ymax></bndbox></object><object><name>airplane</name><pose>Unspecified</pose><truncated>0</truncated><difficult>0</difficult><bndbox><xmin>101</xmin><ymin>205</ymin><xmax>133</xmax><ymax>249</ymax></bndbox></object></annotation>