<annotation verified="yes"><folder>train</folder><filename>airplane_602.jpg</filename><path>train/airplane_602.jpg</path><source><database>Unknown</database></source><size><width>256</width><height>256</height><depth>3</depth></size><segmented>0</segmented><object><name>airplane</name><pose>Unspecified</pose><truncated>0</truncated><difficult>0</difficult><bndbox><xmin>114</xmin><ymin>90</ymin><xmax>148</xmax><ymax>127</ymax></bndbox></object><object><name>airplane</name><pose>Unspecified</pose><truncated>0</truncated><difficult>0</difficult><bndbox><xmin>137</xmin><ymin>137</ymin><xmax>181</xmax><ymax>177</ymax></bndbox></object></annotation>