<annotation verified="yes"><folder>train</folder><filename>airplane_313.jpg</filename><path>train/airplane_313.jpg</path><source><database>Unknown</database></source><size><width>256</width><height>256</height><depth>3</depth></size><segmented>0</segmented><object><name>airplane</name><pose>Unspecified</pose><truncated>0</truncated><difficult>0</difficult><bndbox><xmin>38</xmin><ymin>4</ymin><xmax>171</xmax><ymax>98</ymax></bndbox></object><object><name>airplane</name><pose>Unspecified</pose><truncated>0</truncated><difficult>0</difficult><bndbox><xmin>145</xmin><ymin>183</ymin><xmax>215</xmax><ymax>247</ymax></bndbox></object></annotation>