<annotation verified="yes"><folder>train</folder><filename>airplane_520.jpg</filename><path>train/airplane_520.jpg</path><source><database>Unknown</database></source><size><width>256</width><height>256</height><depth>3</depth></size><segmented>0</segmented><object><name>airplane</name><pose>Unspecified</pose><truncated>0</truncated><difficult>0</difficult><bndbox><xmin>63</xmin><ymin>116</ymin><xmax>92</xmax><ymax>137</ymax></bndbox></object><object><name>airplane</name><pose>Unspecified</pose><truncated>0</truncated><difficult>0</difficult><bndbox><xmin>107</xmin><ymin>91</ymin><xmax>132</xmax><ymax>115</ymax></bndbox></object><object><name>airplane</name><pose>Unspecified</pose><truncated>0</truncated><difficult>0</difficult><bndbox><xmin>140</xmin><ymin>128</ymin><xmax>165</xmax><ymax>156</ymax></bndbox></object><object><name>airplane</name><pose>Unspecified</pose><truncated>0</truncated><difficult>0</difficult><bndbox><xmin>176</xmin><ymin>230</ymin><xmax>202</xmax><ymax>254</ymax></bndbox></object></annotation>