<annotation verified="yes"><folder>train</folder><filename>airplane_026.jpg</filename><path>train/airplane_026.jpg</path><source><database>Unknown</database></source><size><width>256</width><height>256</height><depth>3</depth></size><segmented>0</segmented><object><name>airplane</name><pose>Unspecified</pose><truncated>0</truncated><difficult>0</difficult><bndbox><xmin>10</xmin><ymin>89</ymin><xmax>51</xmax><ymax>123</ymax></bndbox></object><object><name>airplane</name><pose>Unspecified</pose><truncated>0</truncated><difficult>0</difficult><bndbox><xmin>37</xmin><ymin>31</ymin><xmax>74</xmax><ymax>63</ymax></bndbox></object></annotation>