<annotation verified="yes"><folder>train</folder><filename>airplane_277.jpg</filename><path>train/airplane_277.jpg</path><source><database>Unknown</database></source><size><width>256</width><height>256</height><depth>3</depth></size><segmented>0</segmented><object><name>airplane</name><pose>Unspecified</pose><truncated>0</truncated><difficult>0</difficult><bndbox><xmin>86</xmin><ymin>9</ymin><xmax>166</xmax><ymax>65</ymax></bndbox></object><object><name>airplane</name><pose>Unspecified</pose><truncated>0</truncated><difficult>0</difficult><bndbox><xmin>162</xmin><ymin>173</ymin><xmax>252</xmax><ymax>251</ymax></bndbox></object></annotation>