<annotation verified="yes"><folder>train</folder><filename>airplane_488.jpg</filename><path>train/airplane_488.jpg</path><source><database>Unknown</database></source><size><width>256</width><height>256</height><depth>3</depth></size><segmented>0</segmented><object><name>airplane</name><pose>Unspecified</pose><truncated>0</truncated><difficult>0</difficult><bndbox><xmin>96</xmin><ymin>5</ymin><xmax>156</xmax><ymax>51</ymax></bndbox></object><object><name>airplane</name><pose>Unspecified</pose><truncated>0</truncated><difficult>0</difficult><bndbox><xmin>89</xmin><ymin>70</ymin><xmax>169</xmax><ymax>139</ymax></bndbox></object><object><name>airplane</name><pose>Unspecified</pose><truncated>0</truncated><difficult>0</difficult><bndbox><xmin>85</xmin><ymin>149</ymin><xmax>150</xmax><ymax>205</ymax></bndbox></object><object><name>airplane</name><pose>Unspecified</pose><truncated>0</truncated><difficult>0</difficult><bndbox><xmin>81</xmin><ymin>218</ymin><xmax>143</xmax><ymax>255</ymax></bndbox></object></annotation>