<annotation verified="yes"><folder>train</folder><filename>airplane_449.jpg</filename><path>train/airplane_449.jpg</path><source><database>Unknown</database></source><size><width>256</width><height>256</height><depth>3</depth></size><segmented>0</segmented><object><name>airplane</name><pose>Unspecified</pose><truncated>0</truncated><difficult>0</difficult><bndbox><xmin>87</xmin><ymin>69</ymin><xmax>153</xmax><ymax>129</ymax></bndbox></object><object><name>airplane</name><pose>Unspecified</pose><truncated>0</truncated><difficult>0</difficult><bndbox><xmin>162</xmin><ymin>137</ymin><xmax>191</xmax><ymax>164</ymax></bndbox></object><object><name>airplane</name><pose>Unspecified</pose><truncated>0</truncated><difficult>0</difficult><bndbox><xmin>195</xmin><ymin>189</ymin><xmax>227</xmax><ymax>218</ymax></bndbox></object></annotation>