<annotation verified="yes"><folder>train</folder><filename>airplane_130.jpg</filename><path>train/airplane_130.jpg</path><source><database>Unknown</database></source><size><width>256</width><height>256</height><depth>3</depth></size><segmented>0</segmented><object><name>airplane</name><pose>Unspecified</pose><truncated>0</truncated><difficult>0</difficult><bndbox><xmin>60</xmin><ymin>33</ymin><xmax>88</xmax><ymax>64</ymax></bndbox></object><object><name>airplane</name><pose>Unspecified</pose><truncated>0</truncated><difficult>0</difficult><bndbox><xmin>75</xmin><ymin>169</ymin><xmax>111</xmax><ymax>204</ymax></bndbox></object></annotation>