<annotation verified="yes"><folder>train</folder><filename>airplane_561.jpg</filename><path>train/airplane_561.jpg</path><source><database>Unknown</database></source><size><width>256</width><height>256</height><depth>3</depth></size><segmented>0</segmented><object><name>airplane</name><pose>Unspecified</pose><truncated>0</truncated><difficult>0</difficult><bndbox><xmin>58</xmin><ymin>10</ymin><xmax>138</xmax><ymax>68</ymax></bndbox></object><object><name>airplane</name><pose>Unspecified</pose><truncated>0</truncated><difficult>0</difficult><bndbox><xmin>71</xmin><ymin>85</ymin><xmax>164</xmax><ymax>167</ymax></bndbox></object><object><name>airplane</name><pose>Unspecified</pose><truncated>0</truncated><difficult>0</difficult><bndbox><xmin>96</xmin><ymin>170</ymin><xmax>184</xmax><ymax>251</ymax></bndbox></object></annotation>