<annotation verified="yes"><folder>train</folder><filename>airplane_091.jpg</filename><path>train/airplane_091.jpg</path><source><database>Unknown</database></source><size><width>256</width><height>256</height><depth>3</depth></size><segmented>0</segmented><object><name>airplane</name><pose>Unspecified</pose><truncated>0</truncated><difficult>0</difficult><bndbox><xmin>14</xmin><ymin>83</ymin><xmax>36</xmax><ymax>103</ymax></bndbox></object><object><name>airplane</name><pose>Unspecified</pose><truncated>0</truncated><difficult>0</difficult><bndbox><xmin>36</xmin><ymin>139</ymin><xmax>54</xmax><ymax>161</ymax></bndbox></object><object><name>airplane</name><pose>Unspecified</pose><truncated>0</truncated><difficult>0</difficult><bndbox><xmin>228</xmin><ymin>117</ymin><xmax>252</xmax><ymax>151</ymax></bndbox></object></annotation>