<annotation verified="yes"><folder>train</folder><filename>airplane_354.jpg</filename><path>train/airplane_354.jpg</path><source><database>Unknown</database></source><size><width>256</width><height>256</height><depth>3</depth></size><segmented>0</segmented><object><name>airplane</name><pose>Unspecified</pose><truncated>0</truncated><difficult>0</difficult><bndbox><xmin>45</xmin><ymin>44</ymin><xmax>108</xmax><ymax>99</ymax></bndbox></object><object><name>airplane</name><pose>Unspecified</pose><truncated>0</truncated><difficult>0</difficult><bndbox><xmin>151</xmin><ymin>155</ymin><xmax>223</xmax><ymax>222</ymax></bndbox></object></annotation>