<annotation verified="yes"><folder>train</folder><filename>airplane_287.jpg</filename><path>train/airplane_287.jpg</path><source><database>Unknown</database></source><size><width>256</width><height>256</height><depth>3</depth></size><segmented>0</segmented><object><name>airplane</name><pose>Unspecified</pose><truncated>0</truncated><difficult>0</difficult><bndbox><xmin>5</xmin><ymin>119</ymin><xmax>77</xmax><ymax>234</ymax></bndbox></object><object><name>airplane</name><pose>Unspecified</pose><truncated>0</truncated><difficult>0</difficult><bndbox><xmin>155</xmin><ymin>59</ymin><xmax>233</xmax><ymax>177</ymax></bndbox></object></annotation>