<annotation verified="yes"><folder>train</folder><filename>airplane_341.jpg</filename><path>train/airplane_341.jpg</path><source><database>Unknown</database></source><size><width>256</width><height>256</height><depth>3</depth></size><segmented>0</segmented><object><name>airplane</name><pose>Unspecified</pose><truncated>0</truncated><difficult>0</difficult><bndbox><xmin>148</xmin><ymin>154</ymin><xmax>195</xmax><ymax>195</ymax></bndbox></object><object><name>airplane</name><pose>Unspecified</pose><truncated>0</truncated><difficult>0</difficult><bndbox><xmin>121</xmin><ymin>195</ymin><xmax>151</xmax><ymax>227</ymax></bndbox></object><object><name>airplane</name><pose>Unspecified</pose><truncated>0</truncated><difficult>0</difficult><bndbox><xmin>161</xmin><ymin>187</ymin><xmax>209</xmax><ymax>228</ymax></bndbox></object></annotation>