<annotation verified="yes"><folder>train</folder><filename>airplane_271.jpg</filename><path>train/airplane_271.jpg</path><source><database>Unknown</database></source><size><width>256</width><height>256</height><depth>3</depth></size><segmented>0</segmented><object><name>airplane</name><pose>Unspecified</pose><truncated>0</truncated><difficult>0</difficult><bndbox><xmin>78</xmin><ymin>55</ymin><xmax>135</xmax><ymax>97</ymax></bndbox></object><object><name>airplane</name><pose>Unspecified</pose><truncated>0</truncated><difficult>0</difficult><bndbox><xmin>174</xmin><ymin>22</ymin><xmax>240</xmax><ymax>80</ymax></bndbox></object><object><name>airplane</name><pose>Unspecified</pose><truncated>0</truncated><difficult>0</difficult><bndbox><xmin>95</xmin><ymin>154</ymin><xmax>175</xmax><ymax>208</ymax></bndbox></object></annotation>