<annotation verified="yes"><folder>train</folder><filename>airplane_199.jpg</filename><path>train/airplane_199.jpg</path><source><database>Unknown</database></source><size><width>256</width><height>256</height><depth>3</depth></size><segmented>0</segmented><object><name>airplane</name><pose>Unspecified</pose><truncated>0</truncated><difficult>0</difficult><bndbox><xmin>74</xmin><ymin>9</ymin><xmax>138</xmax><ymax>70</ymax></bndbox></object><object><name>airplane</name><pose>Unspecified</pose><truncated>0</truncated><difficult>0</difficult><bndbox><xmin>13</xmin><ymin>17</ymin><xmax>69</xmax><ymax>78</ymax></bndbox></object><object><name>airplane</name><pose>Unspecified</pose><truncated>0</truncated><difficult>0</difficult><bndbox><xmin>154</xmin><ymin>155</ymin><xmax>215</xmax><ymax>240</ymax></bndbox></object><object><name>airplane</name><pose>Unspecified</pose><truncated>0</truncated><difficult>0</difficult><bndbox><xmin>211</xmin><ymin>126</ymin><xmax>255</xmax><ymax>187</ymax></bndbox></object></annotation>