<annotation verified="yes"><folder>train</folder><filename>airplane_446.jpg</filename><path>train/airplane_446.jpg</path><source><database>Unknown</database></source><size><width>256</width><height>256</height><depth>3</depth></size><segmented>0</segmented><object><name>airplane</name><pose>Unspecified</pose><truncated>0</truncated><difficult>0</difficult><bndbox><xmin>99</xmin><ymin>36</ymin><xmax>142</xmax><ymax>76</ymax></bndbox></object><object><name>airplane</name><pose>Unspecified</pose><truncated>0</truncated><difficult>0</difficult><bndbox><xmin>68</xmin><ymin>77</ymin><xmax>103</xmax><ymax>116</ymax></bndbox></object><object><name>airplane</name><pose>Unspecified</pose><truncated>0</truncated><difficult>0</difficult><bndbox><xmin>29</xmin><ymin>118</ymin><xmax>71</xmax><ymax>152</ymax></bndbox></object></annotation>