<annotation verified="yes"><folder>train</folder><filename>airplane_275.jpg</filename><path>train/airplane_275.jpg</path><source><database>Unknown</database></source><size><width>256</width><height>256</height><depth>3</depth></size><segmented>0</segmented><object><name>airplane</name><pose>Unspecified</pose><truncated>0</truncated><difficult>0</difficult><bndbox><xmin>71</xmin><ymin>150</ymin><xmax>120</xmax><ymax>194</ymax></bndbox></object><object><name>airplane</name><pose>Unspecified</pose><truncated>0</truncated><difficult>0</difficult><bndbox><xmin>35</xmin><ymin>28</ymin><xmax>66</xmax><ymax>45</ymax></bndbox></object></annotation>