<annotation verified="yes"><folder>train</folder><filename>airplane_166.jpg</filename><path>train/airplane_166.jpg</path><source><database>Unknown</database></source><size><width>256</width><height>256</height><depth>3</depth></size><segmented>0</segmented><object><name>airplane</name><pose>Unspecified</pose><truncated>0</truncated><difficult>0</difficult><bndbox><xmin>103</xmin><ymin>57</ymin><xmax>184</xmax><ymax>147</ymax></bndbox></object><object><name>airplane</name><pose>Unspecified</pose><truncated>0</truncated><difficult>0</difficult><bndbox><xmin>84</xmin><ymin>159</ymin><xmax>144</xmax><ymax>218</ymax></bndbox></object></annotation>