<annotation verified="yes"><folder>train</folder><filename>airplane_505.jpg</filename><path>train/airplane_505.jpg</path><source><database>Unknown</database></source><size><width>256</width><height>256</height><depth>3</depth></size><segmented>0</segmented><object><name>airplane</name><pose>Unspecified</pose><truncated>0</truncated><difficult>0</difficult><bndbox><xmin>105</xmin><ymin>117</ymin><xmax>146</xmax><ymax>156</ymax></bndbox></object><object><name>airplane</name><pose>Unspecified</pose><truncated>0</truncated><difficult>0</difficult><bndbox><xmin>96</xmin><ymin>67</ymin><xmax>142</xmax><ymax>102</ymax></bndbox></object><object><name>airplane</name><pose>Unspecified</pose><truncated>0</truncated><difficult>0</difficult><bndbox><xmin>95</xmin><ymin>20</ymin><xmax>131</xmax><ymax>56</ymax></bndbox></object></annotation>