<annotation verified="yes"><folder>train</folder><filename>airplane_069.jpg</filename><path>train/airplane_069.jpg</path><source><database>Unknown</database></source><size><width>256</width><height>256</height><depth>3</depth></size><segmented>0</segmented><object><name>airplane</name><pose>Unspecified</pose><truncated>0</truncated><difficult>0</difficult><bndbox><xmin>36</xmin><ymin>135</ymin><xmax>78</xmax><ymax>177</ymax></bndbox></object><object><name>airplane</name><pose>Unspecified</pose><truncated>0</truncated><difficult>0</difficult><bndbox><xmin>190</xmin><ymin>63</ymin><xmax>233</xmax><ymax>95</ymax></bndbox></object></annotation>