<annotation verified="yes"><folder>train</folder><filename>airplane_046.jpg</filename><path>train/airplane_046.jpg</path><source><database>Unknown</database></source><size><width>256</width><height>256</height><depth>3</depth></size><segmented>0</segmented><object><name>airplane</name><pose>Unspecified</pose><truncated>0</truncated><difficult>0</difficult><bndbox><xmin>70</xmin><ymin>30</ymin><xmax>114</xmax><ymax>72</ymax></bndbox></object><object><name>airplane</name><pose>Unspecified</pose><truncated>0</truncated><difficult>0</difficult><bndbox><xmin>144</xmin><ymin>35</ymin><xmax>187</xmax><ymax>73</ymax></bndbox></object></annotation>