<annotation verified="yes"><folder>train</folder><filename>airplane_441.jpg</filename><path>train/airplane_441.jpg</path><source><database>Unknown</database></source><size><width>256</width><height>256</height><depth>3</depth></size><segmented>0</segmented><object><name>airplane</name><pose>Unspecified</pose><truncated>0</truncated><difficult>0</difficult><bndbox><xmin>111</xmin><ymin>55</ymin><xmax>137</xmax><ymax>75</ymax></bndbox></object><object><name>airplane</name><pose>Unspecified</pose><truncated>0</truncated><difficult>0</difficult><bndbox><xmin>123</xmin><ymin>112</ymin><xmax>142</xmax><ymax>131</ymax></bndbox></object><object><name>airplane</name><pose>Unspecified</pose><truncated>0</truncated><difficult>0</difficult><bndbox><xmin>129</xmin><ymin>140</ymin><xmax>144</xmax><ymax>161</ymax></bndbox></object><object><name>airplane</name><pose>Unspecified</pose><truncated>0</truncated><difficult>0</difficult><bndbox><xmin>219</xmin><ymin>5</ymin><xmax>253</xmax><ymax>48</ymax></bndbox></object></annotation>