<annotation verified="yes"><folder>train</folder><filename>airplane_314.jpg</filename><path>train/airplane_314.jpg</path><source><database>Unknown</database></source><size><width>256</width><height>256</height><depth>3</depth></size><segmented>0</segmented><object><name>airplane</name><pose>Unspecified</pose><truncated>0</truncated><difficult>0</difficult><bndbox><xmin>38</xmin><ymin>62</ymin><xmax>64</xmax><ymax>95</ymax></bndbox></object><object><name>airplane</name><pose>Unspecified</pose><truncated>0</truncated><difficult>0</difficult><bndbox><xmin>102</xmin><ymin>86</ymin><xmax>130</xmax><ymax>117</ymax></bndbox></object><object><name>airplane</name><pose>Unspecified</pose><truncated>0</truncated><difficult>0</difficult><bndbox><xmin>162</xmin><ymin>109</ymin><xmax>183</xmax><ymax>137</ymax></bndbox></object><object><name>airplane</name><pose>Unspecified</pose><truncated>0</truncated><difficult>0</difficult><bndbox><xmin>220</xmin><ymin>120</ymin><xmax>251</xmax><ymax>153</ymax></bndbox></object></annotation>