<annotation verified="yes"><folder>train</folder><filename>airplane_231.jpg</filename><path>train/airplane_231.jpg</path><source><database>Unknown</database></source><size><width>256</width><height>256</height><depth>3</depth></size><segmented>0</segmented><object><name>airplane</name><pose>Unspecified</pose><truncated>0</truncated><difficult>0</difficult><bndbox><xmin>86</xmin><ymin>115</ymin><xmax>157</xmax><ymax>192</ymax></bndbox></object><object><name>airplane</name><pose>Unspecified</pose><truncated>0</truncated><difficult>0</difficult><bndbox><xmin>5</xmin><ymin>105</ymin><xmax>63</xmax><ymax>197</ymax></bndbox></object></annotation>