<annotation verified="yes"><folder>train</folder><filename>airplane_041.jpg</filename><path>train/airplane_041.jpg</path><source><database>Unknown</database></source><size><width>256</width><height>256</height><depth>3</depth></size><segmented>0</segmented><object><name>airplane</name><pose>Unspecified</pose><truncated>0</truncated><difficult>0</difficult><bndbox><xmin>1</xmin><ymin>92</ymin><xmax>71</xmax><ymax>177</ymax></bndbox></object><object><name>airplane</name><pose>Unspecified</pose><truncated>0</truncated><difficult>0</difficult><bndbox><xmin>84</xmin><ymin>74</ymin><xmax>158</xmax><ymax>162</ymax></bndbox></object><object><name>airplane</name><pose>Unspecified</pose><truncated>0</truncated><difficult>0</difficult><bndbox><xmin>184</xmin><ymin>61</ymin><xmax>253</xmax><ymax>142</ymax></bndbox></object></annotation>