<annotation verified="yes"><folder>train</folder><filename>airplane_427.jpg</filename><path>train/airplane_427.jpg</path><source><database>Unknown</database></source><size><width>256</width><height>256</height><depth>3</depth></size><segmented>0</segmented><object><name>airplane</name><pose>Unspecified</pose><truncated>0</truncated><difficult>0</difficult><bndbox><xmin>6</xmin><ymin>136</ymin><xmax>104</xmax><ymax>215</ymax></bndbox></object><object><name>airplane</name><pose>Unspecified</pose><truncated>0</truncated><difficult>0</difficult><bndbox><xmin>162</xmin><ymin>142</ymin><xmax>252</xmax><ymax>224</ymax></bndbox></object><object><name>airplane</name><pose>Unspecified</pose><truncated>0</truncated><difficult>0</difficult><bndbox><xmin>5</xmin><ymin>2</ymin><xmax>84</xmax><ymax>93</ymax></bndbox></object></annotation>