<annotation verified="yes"><folder>train</folder><filename>airplane_553.jpg</filename><path>train/airplane_553.jpg</path><source><database>Unknown</database></source><size><width>256</width><height>256</height><depth>3</depth></size><segmented>0</segmented><object><name>airplane</name><pose>Unspecified</pose><truncated>0</truncated><difficult>0</difficult><bndbox><xmin>73</xmin><ymin>132</ymin><xmax>192</xmax><ymax>228</ymax></bndbox></object><object><name>airplane</name><pose>Unspecified</pose><truncated>0</truncated><difficult>0</difficult><bndbox><xmin>85</xmin><ymin>35</ymin><xmax>179</xmax><ymax>126</ymax></bndbox></object></annotation>