<annotation verified="yes"><folder>train</folder><filename>airplane_122.jpg</filename><path>train/airplane_122.jpg</path><source><database>Unknown</database></source><size><width>256</width><height>256</height><depth>3</depth></size><segmented>0</segmented><object><name>airplane</name><pose>Unspecified</pose><truncated>0</truncated><difficult>0</difficult><bndbox><xmin>29</xmin><ymin>94</ymin><xmax>111</xmax><ymax>186</ymax></bndbox></object><object><name>airplane</name><pose>Unspecified</pose><truncated>0</truncated><difficult>0</difficult><bndbox><xmin>157</xmin><ymin>162</ymin><xmax>208</xmax><ymax>224</ymax></bndbox></object></annotation>