<annotation verified="yes"><folder>train</folder><filename>airplane_243.jpg</filename><path>train/airplane_243.jpg</path><source><database>Unknown</database></source><size><width>256</width><height>256</height><depth>3</depth></size><segmented>0</segmented><object><name>airplane</name><pose>Unspecified</pose><truncated>0</truncated><difficult>0</difficult><bndbox><xmin>70</xmin><ymin>26</ymin><xmax>113</xmax><ymax>62</ymax></bndbox></object><object><name>airplane</name><pose>Unspecified</pose><truncated>0</truncated><difficult>0</difficult><bndbox><xmin>4</xmin><ymin>33</ymin><xmax>34</xmax><ymax>66</ymax></bndbox></object></annotation>