<annotation verified="yes"><folder>train</folder><filename>airplane_152.jpg</filename><path>train/airplane_152.jpg</path><source><database>Unknown</database></source><size><width>256</width><height>256</height><depth>3</depth></size><segmented>0</segmented><object><name>airplane</name><pose>Unspecified</pose><truncated>0</truncated><difficult>0</difficult><bndbox><xmin>72</xmin><ymin>37</ymin><xmax>149</xmax><ymax>113</ymax></bndbox></object><object><name>airplane</name><pose>Unspecified</pose><truncated>0</truncated><difficult>0</difficult><bndbox><xmin>120</xmin><ymin>115</ymin><xmax>229</xmax><ymax>203</ymax></bndbox></object></annotation>