<annotation verified="yes"><folder>train</folder><filename>airplane_528.jpg</filename><path>train/airplane_528.jpg</path><source><database>Unknown</database></source><size><width>256</width><height>256</height><depth>3</depth></size><segmented>0</segmented><object><name>airplane</name><pose>Unspecified</pose><truncated>0</truncated><difficult>0</difficult><bndbox><xmin>37</xmin><ymin>56</ymin><xmax>102</xmax><ymax>109</ymax></bndbox></object><object><name>airplane</name><pose>Unspecified</pose><truncated>0</truncated><difficult>0</difficult><bndbox><xmin>109</xmin><ymin>105</ymin><xmax>169</xmax><ymax>166</ymax></bndbox></object><object><name>airplane</name><pose>Unspecified</pose><truncated>0</truncated><difficult>0</difficult><bndbox><xmin>174</xmin><ymin>159</ymin><xmax>243</xmax><ymax>227</ymax></bndbox></object></annotation>