<annotation verified="yes"><folder>train</folder><filename>airplane_401.jpg</filename><path>train/airplane_401.jpg</path><source><database>Unknown</database></source><size><width>256</width><height>256</height><depth>3</depth></size><segmented>0</segmented><object><name>airplane</name><pose>Unspecified</pose><truncated>0</truncated><difficult>0</difficult><bndbox><xmin>5</xmin><ymin>90</ymin><xmax>52</xmax><ymax>132</ymax></bndbox></object><object><name>airplane</name><pose>Unspecified</pose><truncated>0</truncated><difficult>0</difficult><bndbox><xmin>199</xmin><ymin>115</ymin><xmax>245</xmax><ymax>159</ymax></bndbox></object></annotation>