<annotation verified="yes"><folder>train</folder><filename>airplane_195.jpg</filename><path>train/airplane_195.jpg</path><source><database>Unknown</database></source><size><width>256</width><height>256</height><depth>3</depth></size><segmented>0</segmented><object><name>airplane</name><pose>Unspecified</pose><truncated>0</truncated><difficult>0</difficult><bndbox><xmin>58</xmin><ymin>93</ymin><xmax>136</xmax><ymax>171</ymax></bndbox></object><object><name>airplane</name><pose>Unspecified</pose><truncated>0</truncated><difficult>0</difficult><bndbox><xmin>164</xmin><ymin>63</ymin><xmax>235</xmax><ymax>148</ymax></bndbox></object></annotation>