<annotation verified="yes"><folder>train</folder><filename>airplane_529.jpg</filename><path>train/airplane_529.jpg</path><source><database>Unknown</database></source><size><width>256</width><height>256</height><depth>3</depth></size><segmented>0</segmented><object><name>airplane</name><pose>Unspecified</pose><truncated>0</truncated><difficult>0</difficult><bndbox><xmin>114</xmin><ymin>172</ymin><xmax>149</xmax><ymax>205</ymax></bndbox></object><object><name>airplane</name><pose>Unspecified</pose><truncated>0</truncated><difficult>0</difficult><bndbox><xmin>137</xmin><ymin>139</ymin><xmax>164</xmax><ymax>171</ymax></bndbox></object><object><name>airplane</name><pose>Unspecified</pose><truncated>0</truncated><difficult>0</difficult><bndbox><xmin>152</xmin><ymin>108</ymin><xmax>175</xmax><ymax>134</ymax></bndbox></object><object><name>airplane</name><pose>Unspecified</pose><truncated>0</truncated><difficult>0</difficult><bndbox><xmin>149</xmin><ymin>68</ymin><xmax>175</xmax><ymax>91</ymax></bndbox></object><object><name>airplane</name><pose>Unspecified</pose><truncated>0</truncated><difficult>0</difficult><bndbox><xmin>138</xmin><ymin>14</ymin><xmax>162</xmax><ymax>43</ymax></bndbox></object></annotation>