<annotation verified="yes"><folder>train</folder><filename>airplane_246.jpg</filename><path>train/airplane_246.jpg</path><source><database>Unknown</database></source><size><width>256</width><height>256</height><depth>3</depth></size><segmented>0</segmented><object><name>airplane</name><pose>Unspecified</pose><truncated>0</truncated><difficult>0</difficult><bndbox><xmin>12</xmin><ymin>42</ymin><xmax>64</xmax><ymax>78</ymax></bndbox></object><object><name>airplane</name><pose>Unspecified</pose><truncated>0</truncated><difficult>0</difficult><bndbox><xmin>2</xmin><ymin>74</ymin><xmax>39</xmax><ymax>108</ymax></bndbox></object><object><name>airplane</name><pose>Unspecified</pose><truncated>0</truncated><difficult>0</difficult><bndbox><xmin>3</xmin><ymin>216</ymin><xmax>24</xmax><ymax>247</ymax></bndbox></object><object><name>airplane</name><pose>Unspecified</pose><truncated>0</truncated><difficult>0</difficult><bndbox><xmin>30</xmin><ymin>1</ymin><xmax>49</xmax><ymax>22</ymax></bndbox></object></annotation>