<annotation verified="yes"><folder>train</folder><filename>airplane_501.jpg</filename><path>train/airplane_501.jpg</path><source><database>Unknown</database></source><size><width>256</width><height>256</height><depth>3</depth></size><segmented>0</segmented><object><name>airplane</name><pose>Unspecified</pose><truncated>0</truncated><difficult>0</difficult><bndbox><xmin>68</xmin><ymin>89</ymin><xmax>153</xmax><ymax>188</ymax></bndbox></object><object><name>airplane</name><pose>Unspecified</pose><truncated>0</truncated><difficult>0</difficult><bndbox><xmin>171</xmin><ymin>96</ymin><xmax>238</xmax><ymax>166</ymax></bndbox></object></annotation>