<annotation verified="yes"><folder>train</folder><filename>airplane_445.jpg</filename><path>train/airplane_445.jpg</path><source><database>Unknown</database></source><size><width>256</width><height>256</height><depth>3</depth></size><segmented>0</segmented><object><name>airplane</name><pose>Unspecified</pose><truncated>0</truncated><difficult>0</difficult><bndbox><xmin>203</xmin><ymin>47</ymin><xmax>248</xmax><ymax>82</ymax></bndbox></object><object><name>airplane</name><pose>Unspecified</pose><truncated>0</truncated><difficult>0</difficult><bndbox><xmin>15</xmin><ymin>220</ymin><xmax>53</xmax><ymax>253</ymax></bndbox></object></annotation>