<annotation verified="yes"><folder>train</folder><filename>airplane_308.jpg</filename><path>train/airplane_308.jpg</path><source><database>Unknown</database></source><size><width>256</width><height>256</height><depth>3</depth></size><segmented>0</segmented><object><name>airplane</name><pose>Unspecified</pose><truncated>0</truncated><difficult>0</difficult><bndbox><xmin>114</xmin><ymin>72</ymin><xmax>173</xmax><ymax>142</ymax></bndbox></object><object><name>airplane</name><pose>Unspecified</pose><truncated>0</truncated><difficult>0</difficult><bndbox><xmin>166</xmin><ymin>27</ymin><xmax>228</xmax><ymax>99</ymax></bndbox></object><object><name>airplane</name><pose>Unspecified</pose><truncated>0</truncated><difficult>0</difficult><bndbox><xmin>5</xmin><ymin>151</ymin><xmax>67</xmax><ymax>226</ymax></bndbox></object></annotation>