<annotation verified="yes"><folder>train</folder><filename>airplane_150.jpg</filename><path>train/airplane_150.jpg</path><source><database>Unknown</database></source><size><width>256</width><height>256</height><depth>3</depth></size><segmented>0</segmented><object><name>airplane</name><pose>Unspecified</pose><truncated>0</truncated><difficult>0</difficult><bndbox><xmin>41</xmin><ymin>125</ymin><xmax>131</xmax><ymax>221</ymax></bndbox></object><object><name>airplane</name><pose>Unspecified</pose><truncated>0</truncated><difficult>0</difficult><bndbox><xmin>115</xmin><ymin>21</ymin><xmax>206</xmax><ymax>109</ymax></bndbox></object></annotation>