<annotation verified="yes"><folder>train</folder><filename>airplane_491.jpg</filename><path>train/airplane_491.jpg</path><source><database>Unknown</database></source><size><width>256</width><height>256</height><depth>3</depth></size><segmented>0</segmented><object><name>airplane</name><pose>Unspecified</pose><truncated>0</truncated><difficult>0</difficult><bndbox><xmin>149</xmin><ymin>80</ymin><xmax>213</xmax><ymax>129</ymax></bndbox></object><object><name>airplane</name><pose>Unspecified</pose><truncated>0</truncated><difficult>0</difficult><bndbox><xmin>162</xmin><ymin>185</ymin><xmax>225</xmax><ymax>239</ymax></bndbox></object></annotation>