<annotation verified="yes"><folder>train</folder><filename>airplane_489.jpg</filename><path>train/airplane_489.jpg</path><source><database>Unknown</database></source><size><width>256</width><height>256</height><depth>3</depth></size><segmented>0</segmented><object><name>airplane</name><pose>Unspecified</pose><truncated>0</truncated><difficult>0</difficult><bndbox><xmin>25</xmin><ymin>33</ymin><xmax>125</xmax><ymax>129</ymax></bndbox></object><object><name>airplane</name><pose>Unspecified</pose><truncated>0</truncated><difficult>0</difficult><bndbox><xmin>149</xmin><ymin>56</ymin><xmax>246</xmax><ymax>158</ymax></bndbox></object></annotation>