<annotation verified="yes"><folder>train</folder><filename>airplane_101.jpg</filename><path>train/airplane_101.jpg</path><source><database>Unknown</database></source><size><width>256</width><height>256</height><depth>3</depth></size><segmented>0</segmented><object><name>airplane</name><pose>Unspecified</pose><truncated>0</truncated><difficult>0</difficult><bndbox><xmin>76</xmin><ymin>48</ymin><xmax>150</xmax><ymax>124</ymax></bndbox></object><object><name>airplane</name><pose>Unspecified</pose><truncated>0</truncated><difficult>0</difficult><bndbox><xmin>64</xmin><ymin>137</ymin><xmax>140</xmax><ymax>213</ymax></bndbox></object></annotation>