<annotation verified="yes"><folder>train</folder><filename>airplane_567.jpg</filename><path>train/airplane_567.jpg</path><source><database>Unknown</database></source><size><width>256</width><height>256</height><depth>3</depth></size><segmented>0</segmented><object><name>airplane</name><pose>Unspecified</pose><truncated>0</truncated><difficult>0</difficult><bndbox><xmin>20</xmin><ymin>70</ymin><xmax>55</xmax><ymax>112</ymax></bndbox></object><object><name>airplane</name><pose>Unspecified</pose><truncated>0</truncated><difficult>0</difficult><bndbox><xmin>141</xmin><ymin>162</ymin><xmax>178</xmax><ymax>202</ymax></bndbox></object><object><name>airplane</name><pose>Unspecified</pose><truncated>0</truncated><difficult>0</difficult><bndbox><xmin>216</xmin><ymin>92</ymin><xmax>250</xmax><ymax>136</ymax></bndbox></object></annotation>