<annotation verified="yes"><folder>train</folder><filename>airplane_595.jpg</filename><path>train/airplane_595.jpg</path><source><database>Unknown</database></source><size><width>256</width><height>256</height><depth>3</depth></size><segmented>0</segmented><object><name>airplane</name><pose>Unspecified</pose><truncated>0</truncated><difficult>0</difficult><bndbox><xmin>54</xmin><ymin>67</ymin><xmax>92</xmax><ymax>104</ymax></bndbox></object><object><name>airplane</name><pose>Unspecified</pose><truncated>0</truncated><difficult>0</difficult><bndbox><xmin>102</xmin><ymin>46</ymin><xmax>143</xmax><ymax>79</ymax></bndbox></object></annotation>