<annotation verified="yes"><folder>train</folder><filename>airplane_221.jpg</filename><path>train/airplane_221.jpg</path><source><database>Unknown</database></source><size><width>256</width><height>256</height><depth>3</depth></size><segmented>0</segmented><object><name>airplane</name><pose>Unspecified</pose><truncated>0</truncated><difficult>0</difficult><bndbox><xmin>182</xmin><ymin>143</ymin><xmax>249</xmax><ymax>195</ymax></bndbox></object><object><name>airplane</name><pose>Unspecified</pose><truncated>0</truncated><difficult>0</difficult><bndbox><xmin>40</xmin><ymin>59</ymin><xmax>102</xmax><ymax>102</ymax></bndbox></object></annotation>