<annotation verified="yes"><folder>train</folder><filename>airplane_241.jpg</filename><path>train/airplane_241.jpg</path><source><database>Unknown</database></source><size><width>256</width><height>256</height><depth>3</depth></size><segmented>0</segmented><object><name>airplane</name><pose>Unspecified</pose><truncated>0</truncated><difficult>0</difficult><bndbox><xmin>62</xmin><ymin>69</ymin><xmax>84</xmax><ymax>90</ymax></bndbox></object><object><name>airplane</name><pose>Unspecified</pose><truncated>0</truncated><difficult>0</difficult><bndbox><xmin>92</xmin><ymin>55</ymin><xmax>118</xmax><ymax>86</ymax></bndbox></object><object><name>airplane</name><pose>Unspecified</pose><truncated>0</truncated><difficult>0</difficult><bndbox><xmin>169</xmin><ymin>66</ymin><xmax>203</xmax><ymax>92</ymax></bndbox></object></annotation>