<annotation verified="yes"><folder>train</folder><filename>airplane_518.jpg</filename><path>train/airplane_518.jpg</path><source><database>Unknown</database></source><size><width>256</width><height>256</height><depth>3</depth></size><segmented>0</segmented><object><name>airplane</name><pose>Unspecified</pose><truncated>0</truncated><difficult>0</difficult><bndbox><xmin>6</xmin><ymin>151</ymin><xmax>100</xmax><ymax>250</ymax></bndbox></object><object><name>airplane</name><pose>Unspecified</pose><truncated>0</truncated><difficult>0</difficult><bndbox><xmin>158</xmin><ymin>9</ymin><xmax>253</xmax><ymax>97</ymax></bndbox></object></annotation>