<annotation verified="yes"><folder>train</folder><filename>airplane_021.jpg</filename><path>train/airplane_021.jpg</path><source><database>Unknown</database></source><size><width>256</width><height>256</height><depth>3</depth></size><segmented>0</segmented><object><name>airplane</name><pose>Unspecified</pose><truncated>0</truncated><difficult>0</difficult><bndbox><xmin>35</xmin><ymin>107</ymin><xmax>93</xmax><ymax>150</ymax></bndbox></object><object><name>airplane</name><pose>Unspecified</pose><truncated>0</truncated><difficult>0</difficult><bndbox><xmin>23</xmin><ymin>165</ymin><xmax>81</xmax><ymax>214</ymax></bndbox></object></annotation>