<annotation verified="yes"><folder>train</folder><filename>airplane_161.jpg</filename><path>train/airplane_161.jpg</path><source><database>Unknown</database></source><size><width>256</width><height>256</height><depth>3</depth></size><segmented>0</segmented><object><name>airplane</name><pose>Unspecified</pose><truncated>0</truncated><difficult>0</difficult><bndbox><xmin>105</xmin><ymin>41</ymin><xmax>203</xmax><ymax>121</ymax></bndbox></object><object><name>airplane</name><pose>Unspecified</pose><truncated>0</truncated><difficult>0</difficult><bndbox><xmin>90</xmin><ymin>165</ymin><xmax>133</xmax><ymax>208</ymax></bndbox></object></annotation>