<annotation verified="yes"><folder>train</folder><filename>airplane_344.jpg</filename><path>train/airplane_344.jpg</path><source><database>Unknown</database></source><size><width>256</width><height>256</height><depth>3</depth></size><segmented>0</segmented><object><name>airplane</name><pose>Unspecified</pose><truncated>0</truncated><difficult>0</difficult><bndbox><xmin>133</xmin><ymin>14</ymin><xmax>167</xmax><ymax>49</ymax></bndbox></object><object><name>airplane</name><pose>Unspecified</pose><truncated>0</truncated><difficult>0</difficult><bndbox><xmin>164</xmin><ymin>53</ymin><xmax>200</xmax><ymax>89</ymax></bndbox></object><object><name>airplane</name><pose>Unspecified</pose><truncated>0</truncated><difficult>0</difficult><bndbox><xmin>198</xmin><ymin>92</ymin><xmax>234</xmax><ymax>133</ymax></bndbox></object></annotation>