<annotation verified="yes"><folder>train</folder><filename>airplane_368.jpg</filename><path>train/airplane_368.jpg</path><source><database>Unknown</database></source><size><width>256</width><height>256</height><depth>3</depth></size><segmented>0</segmented><object><name>airplane</name><pose>Unspecified</pose><truncated>0</truncated><difficult>0</difficult><bndbox><xmin>120</xmin><ymin>109</ymin><xmax>204</xmax><ymax>191</ymax></bndbox></object><object><name>airplane</name><pose>Unspecified</pose><truncated>0</truncated><difficult>0</difficult><bndbox><xmin>80</xmin><ymin>28</ymin><xmax>114</xmax><ymax>71</ymax></bndbox></object></annotation>