<annotation verified="yes"><folder>train</folder><filename>airplane_286.jpg</filename><path>train/airplane_286.jpg</path><source><database>Unknown</database></source><size><width>256</width><height>256</height><depth>3</depth></size><segmented>0</segmented><object><name>airplane</name><pose>Unspecified</pose><truncated>0</truncated><difficult>0</difficult><bndbox><xmin>53</xmin><ymin>72</ymin><xmax>115</xmax><ymax>127</ymax></bndbox></object><object><name>airplane</name><pose>Unspecified</pose><truncated>0</truncated><difficult>0</difficult><bndbox><xmin>111</xmin><ymin>126</ymin><xmax>176</xmax><ymax>189</ymax></bndbox></object></annotation>