<annotation verified="yes"><folder>train</folder><filename>airplane_443.jpg</filename><path>train/airplane_443.jpg</path><source><database>Unknown</database></source><size><width>256</width><height>256</height><depth>3</depth></size><segmented>0</segmented><object><name>airplane</name><pose>Unspecified</pose><truncated>0</truncated><difficult>0</difficult><bndbox><xmin>82</xmin><ymin>31</ymin><xmax>133</xmax><ymax>73</ymax></bndbox></object><object><name>airplane</name><pose>Unspecified</pose><truncated>0</truncated><difficult>0</difficult><bndbox><xmin>169</xmin><ymin>88</ymin><xmax>228</xmax><ymax>136</ymax></bndbox></object></annotation>