<annotation verified="yes"><folder>train</folder><filename>airplane_503.jpg</filename><path>train/airplane_503.jpg</path><source><database>Unknown</database></source><size><width>256</width><height>256</height><depth>3</depth></size><segmented>0</segmented><object><name>airplane</name><pose>Unspecified</pose><truncated>0</truncated><difficult>0</difficult><bndbox><xmin>38</xmin><ymin>160</ymin><xmax>85</xmax><ymax>201</ymax></bndbox></object><object><name>airplane</name><pose>Unspecified</pose><truncated>0</truncated><difficult>0</difficult><bndbox><xmin>21</xmin><ymin>57</ymin><xmax>66</xmax><ymax>90</ymax></bndbox></object></annotation>