<annotation verified="yes"><folder>train</folder><filename>airplane_212.jpg</filename><path>train/airplane_212.jpg</path><source><database>Unknown</database></source><size><width>256</width><height>256</height><depth>3</depth></size><segmented>0</segmented><object><name>airplane</name><pose>Unspecified</pose><truncated>0</truncated><difficult>0</difficult><bndbox><xmin>132</xmin><ymin>140</ymin><xmax>154</xmax><ymax>155</ymax></bndbox></object><object><name>airplane</name><pose>Unspecified</pose><truncated>0</truncated><difficult>0</difficult><bndbox><xmin>156</xmin><ymin>191</ymin><xmax>172</xmax><ymax>209</ymax></bndbox></object><object><name>airplane</name><pose>Unspecified</pose><truncated>0</truncated><difficult>0</difficult><bndbox><xmin>196</xmin><ymin>17</ymin><xmax>242</xmax><ymax>56</ymax></bndbox></object></annotation>