<annotation verified="yes"><folder>train</folder><filename>airplane_601.jpg</filename><path>train/airplane_601.jpg</path><source><database>Unknown</database></source><size><width>256</width><height>256</height><depth>3</depth></size><segmented>0</segmented><object><name>airplane</name><pose>Unspecified</pose><truncated>0</truncated><difficult>0</difficult><bndbox><xmin>106</xmin><ymin>87</ymin><xmax>143</xmax><ymax>127</ymax></bndbox></object><object><name>airplane</name><pose>Unspecified</pose><truncated>0</truncated><difficult>0</difficult><bndbox><xmin>33</xmin><ymin>29</ymin><xmax>64</xmax><ymax>61</ymax></bndbox></object><object><name>airplane</name><pose>Unspecified</pose><truncated>0</truncated><difficult>0</difficult><bndbox><xmin>175</xmin><ymin>140</ymin><xmax>207</xmax><ymax>181</ymax></bndbox></object></annotation>