<annotation verified="yes"><folder>train</folder><filename>airplane_363.jpg</filename><path>train/airplane_363.jpg</path><source><database>Unknown</database></source><size><width>256</width><height>256</height><depth>3</depth></size><segmented>0</segmented><object><name>airplane</name><pose>Unspecified</pose><truncated>0</truncated><difficult>0</difficult><bndbox><xmin>44</xmin><ymin>98</ymin><xmax>115</xmax><ymax>179</ymax></bndbox></object><object><name>airplane</name><pose>Unspecified</pose><truncated>0</truncated><difficult>0</difficult><bndbox><xmin>136</xmin><ymin>22</ymin><xmax>213</xmax><ymax>124</ymax></bndbox></object></annotation>