<annotation verified="yes"><folder>train</folder><filename>airplane_496.jpg</filename><path>train/airplane_496.jpg</path><source><database>Unknown</database></source><size><width>256</width><height>256</height><depth>3</depth></size><segmented>0</segmented><object><name>airplane</name><pose>Unspecified</pose><truncated>0</truncated><difficult>0</difficult><bndbox><xmin>137</xmin><ymin>136</ymin><xmax>171</xmax><ymax>166</ymax></bndbox></object><object><name>airplane</name><pose>Unspecified</pose><truncated>0</truncated><difficult>0</difficult><bndbox><xmin>206</xmin><ymin>53</ymin><xmax>247</xmax><ymax>82</ymax></bndbox></object></annotation>