<annotation verified="yes"><folder>train</folder><filename>airplane_464.jpg</filename><path>train/airplane_464.jpg</path><source><database>Unknown</database></source><size><width>256</width><height>256</height><depth>3</depth></size><segmented>0</segmented><object><name>airplane</name><pose>Unspecified</pose><truncated>0</truncated><difficult>0</difficult><bndbox><xmin>211</xmin><ymin>83</ymin><xmax>246</xmax><ymax>119</ymax></bndbox></object><object><name>airplane</name><pose>Unspecified</pose><truncated>0</truncated><difficult>0</difficult><bndbox><xmin>111</xmin><ymin>18</ymin><xmax>145</xmax><ymax>42</ymax></bndbox></object><object><name>airplane</name><pose>Unspecified</pose><truncated>0</truncated><difficult>0</difficult><bndbox><xmin>10</xmin><ymin>173</ymin><xmax>50</xmax><ymax>211</ymax></bndbox></object><object><name>airplane</name><pose>Unspecified</pose><truncated>0</truncated><difficult>0</difficult><bndbox><xmin>83</xmin><ymin>211</ymin><xmax>111</xmax><ymax>240</ymax></bndbox></object></annotation>