<annotation verified="yes"><folder>train</folder><filename>airplane_120.jpg</filename><path>train/airplane_120.jpg</path><source><database>Unknown</database></source><size><width>256</width><height>256</height><depth>3</depth></size><segmented>0</segmented><object><name>airplane</name><pose>Unspecified</pose><truncated>0</truncated><difficult>0</difficult><bndbox><xmin>79</xmin><ymin>31</ymin><xmax>137</xmax><ymax>101</ymax></bndbox></object><object><name>airplane</name><pose>Unspecified</pose><truncated>0</truncated><difficult>0</difficult><bndbox><xmin>38</xmin><ymin>133</ymin><xmax>103</xmax><ymax>188</ymax></bndbox></object><object><name>airplane</name><pose>Unspecified</pose><truncated>0</truncated><difficult>0</difficult><bndbox><xmin>142</xmin><ymin>135</ymin><xmax>211</xmax><ymax>189</ymax></bndbox></object></annotation>