<annotation verified="yes"><folder>train</folder><filename>airplane_563.jpg</filename><path>train/airplane_563.jpg</path><source><database>Unknown</database></source><size><width>256</width><height>256</height><depth>3</depth></size><segmented>0</segmented><object><name>airplane</name><pose>Unspecified</pose><truncated>0</truncated><difficult>0</difficult><bndbox><xmin>145</xmin><ymin>112</ymin><xmax>187</xmax><ymax>163</ymax></bndbox></object><object><name>airplane</name><pose>Unspecified</pose><truncated>0</truncated><difficult>0</difficult><bndbox><xmin>204</xmin><ymin>51</ymin><xmax>244</xmax><ymax>96</ymax></bndbox></object><object><name>airplane</name><pose>Unspecified</pose><truncated>0</truncated><difficult>0</difficult><bndbox><xmin>195</xmin><ymin>182</ymin><xmax>237</xmax><ymax>224</ymax></bndbox></object></annotation>