<annotation verified="yes"><folder>train</folder><filename>airplane_180.jpg</filename><path>train/airplane_180.jpg</path><source><database>Unknown</database></source><size><width>256</width><height>256</height><depth>3</depth></size><segmented>0</segmented><object><name>airplane</name><pose>Unspecified</pose><truncated>0</truncated><difficult>0</difficult><bndbox><xmin>114</xmin><ymin>56</ymin><xmax>157</xmax><ymax>95</ymax></bndbox></object><object><name>airplane</name><pose>Unspecified</pose><truncated>0</truncated><difficult>0</difficult><bndbox><xmin>3</xmin><ymin>153</ymin><xmax>25</xmax><ymax>176</ymax></bndbox></object></annotation>