<annotation verified="yes"><folder>train</folder><filename>airplane_548.jpg</filename><path>train/airplane_548.jpg</path><source><database>Unknown</database></source><size><width>256</width><height>256</height><depth>3</depth></size><segmented>0</segmented><object><name>airplane</name><pose>Unspecified</pose><truncated>0</truncated><difficult>0</difficult><bndbox><xmin>31</xmin><ymin>86</ymin><xmax>64</xmax><ymax>117</ymax></bndbox></object><object><name>airplane</name><pose>Unspecified</pose><truncated>0</truncated><difficult>0</difficult><bndbox><xmin>157</xmin><ymin>126</ymin><xmax>195</xmax><ymax>159</ymax></bndbox></object></annotation>