<annotation verified="yes"><folder>train</folder><filename>airplane_568.jpg</filename><path>train/airplane_568.jpg</path><source><database>Unknown</database></source><size><width>256</width><height>256</height><depth>3</depth></size><segmented>0</segmented><object><name>airplane</name><pose>Unspecified</pose><truncated>0</truncated><difficult>0</difficult><bndbox><xmin>86</xmin><ymin>124</ymin><xmax>154</xmax><ymax>199</ymax></bndbox></object><object><name>airplane</name><pose>Unspecified</pose><truncated>0</truncated><difficult>0</difficult><bndbox><xmin>8</xmin><ymin>72</ymin><xmax>95</xmax><ymax>133</ymax></bndbox></object><object><name>airplane</name><pose>Unspecified</pose><truncated>0</truncated><difficult>0</difficult><bndbox><xmin>194</xmin><ymin>131</ymin><xmax>241</xmax><ymax>199</ymax></bndbox></object></annotation>