<annotation verified="yes"><folder>train</folder><filename>airplane_343.jpg</filename><path>train/airplane_343.jpg</path><source><database>Unknown</database></source><size><width>256</width><height>256</height><depth>3</depth></size><segmented>0</segmented><object><name>airplane</name><pose>Unspecified</pose><truncated>0</truncated><difficult>0</difficult><bndbox><xmin>122</xmin><ymin>153</ymin><xmax>197</xmax><ymax>247</ymax></bndbox></object><object><name>airplane</name><pose>Unspecified</pose><truncated>0</truncated><difficult>0</difficult><bndbox><xmin>79</xmin><ymin>5</ymin><xmax>147</xmax><ymax>98</ymax></bndbox></object></annotation>