<annotation verified="yes"><folder>train</folder><filename>airplane_295.jpg</filename><path>train/airplane_295.jpg</path><source><database>Unknown</database></source><size><width>256</width><height>256</height><depth>3</depth></size><segmented>0</segmented><object><name>airplane</name><pose>Unspecified</pose><truncated>0</truncated><difficult>0</difficult><bndbox><xmin>10</xmin><ymin>208</ymin><xmax>49</xmax><ymax>244</ymax></bndbox></object><object><name>airplane</name><pose>Unspecified</pose><truncated>0</truncated><difficult>0</difficult><bndbox><xmin>42</xmin><ymin>164</ymin><xmax>81</xmax><ymax>199</ymax></bndbox></object><object><name>airplane</name><pose>Unspecified</pose><truncated>0</truncated><difficult>0</difficult><bndbox><xmin>82</xmin><ymin>128</ymin><xmax>116</xmax><ymax>169</ymax></bndbox></object><object><name>airplane</name><pose>Unspecified</pose><truncated>0</truncated><difficult>0</difficult><bndbox><xmin>163</xmin><ymin>72</ymin><xmax>193</xmax><ymax>110</ymax></bndbox></object></annotation>