<annotation verified="yes"><folder>train</folder><filename>airplane_405.jpg</filename><path>train/airplane_405.jpg</path><source><database>Unknown</database></source><size><width>256</width><height>256</height><depth>3</depth></size><segmented>0</segmented><object><name>airplane</name><pose>Unspecified</pose><truncated>0</truncated><difficult>0</difficult><bndbox><xmin>217</xmin><ymin>29</ymin><xmax>252</xmax><ymax>74</ymax></bndbox></object><object><name>airplane</name><pose>Unspecified</pose><truncated>0</truncated><difficult>0</difficult><bndbox><xmin>188</xmin><ymin>68</ymin><xmax>220</xmax><ymax>102</ymax></bndbox></object></annotation>