<annotation verified="yes"><folder>train</folder><filename>airplane_592.jpg</filename><path>train/airplane_592.jpg</path><source><database>Unknown</database></source><size><width>256</width><height>256</height><depth>3</depth></size><segmented>0</segmented><object><name>airplane</name><pose>Unspecified</pose><truncated>0</truncated><difficult>0</difficult><bndbox><xmin>64</xmin><ymin>186</ymin><xmax>127</xmax><ymax>245</ymax></bndbox></object><object><name>airplane</name><pose>Unspecified</pose><truncated>0</truncated><difficult>0</difficult><bndbox><xmin>183</xmin><ymin>4</ymin><xmax>248</xmax><ymax>63</ymax></bndbox></object></annotation>