<annotation verified="yes"><folder>train</folder><filename>airplane_109.jpg</filename><path>train/airplane_109.jpg</path><source><database>Unknown</database></source><size><width>256</width><height>256</height><depth>3</depth></size><segmented>0</segmented><object><name>airplane</name><pose>Unspecified</pose><truncated>0</truncated><difficult>0</difficult><bndbox><xmin>82</xmin><ymin>45</ymin><xmax>135</xmax><ymax>95</ymax></bndbox></object><object><name>airplane</name><pose>Unspecified</pose><truncated>0</truncated><difficult>0</difficult><bndbox><xmin>36</xmin><ymin>41</ymin><xmax>64</xmax><ymax>64</ymax></bndbox></object><object><name>airplane</name><pose>Unspecified</pose><truncated>0</truncated><difficult>0</difficult><bndbox><xmin>158</xmin><ymin>80</ymin><xmax>191</xmax><ymax>114</ymax></bndbox></object></annotation>