<annotation verified="yes"><folder>train</folder><filename>airplane_247.jpg</filename><path>train/airplane_247.jpg</path><source><database>Unknown</database></source><size><width>256</width><height>256</height><depth>3</depth></size><segmented>0</segmented><object><name>airplane</name><pose>Unspecified</pose><truncated>0</truncated><difficult>0</difficult><bndbox><xmin>143</xmin><ymin>75</ymin><xmax>186</xmax><ymax>118</ymax></bndbox></object><object><name>airplane</name><pose>Unspecified</pose><truncated>0</truncated><difficult>0</difficult><bndbox><xmin>179</xmin><ymin>171</ymin><xmax>216</xmax><ymax>212</ymax></bndbox></object><object><name>airplane</name><pose>Unspecified</pose><truncated>0</truncated><difficult>0</difficult><bndbox><xmin>4</xmin><ymin>56</ymin><xmax>30</xmax><ymax>78</ymax></bndbox></object><object><name>airplane</name><pose>Unspecified</pose><truncated>0</truncated><difficult>0</difficult><bndbox><xmin>54</xmin><ymin>89</ymin><xmax>77</xmax><ymax>115</ymax></bndbox></object></annotation>