<annotation verified="yes"><folder>train</folder><filename>airplane_124.jpg</filename><path>train/airplane_124.jpg</path><source><database>Unknown</database></source><size><width>256</width><height>256</height><depth>3</depth></size><segmented>0</segmented><object><name>airplane</name><pose>Unspecified</pose><truncated>0</truncated><difficult>0</difficult><bndbox><xmin>14</xmin><ymin>138</ymin><xmax>72</xmax><ymax>193</ymax></bndbox></object><object><name>airplane</name><pose>Unspecified</pose><truncated>0</truncated><difficult>0</difficult><bndbox><xmin>187</xmin><ymin>36</ymin><xmax>245</xmax><ymax>83</ymax></bndbox></object></annotation>