<annotation verified="yes"><folder>train</folder><filename>airplane_042.jpg</filename><path>train/airplane_042.jpg</path><source><database>Unknown</database></source><size><width>256</width><height>256</height><depth>3</depth></size><segmented>0</segmented><object><name>airplane</name><pose>Unspecified</pose><truncated>0</truncated><difficult>0</difficult><bndbox><xmin>145</xmin><ymin>106</ymin><xmax>182</xmax><ymax>144</ymax></bndbox></object><object><name>airplane</name><pose>Unspecified</pose><truncated>0</truncated><difficult>0</difficult><bndbox><xmin>170</xmin><ymin>82</ymin><xmax>215</xmax><ymax>118</ymax></bndbox></object><object><name>airplane</name><pose>Unspecified</pose><truncated>0</truncated><difficult>0</difficult><bndbox><xmin>5</xmin><ymin>80</ymin><xmax>38</xmax><ymax>119</ymax></bndbox></object></annotation>