<annotation verified="yes"><folder>train</folder><filename>airplane_068.jpg</filename><path>train/airplane_068.jpg</path><source><database>Unknown</database></source><size><width>256</width><height>256</height><depth>3</depth></size><segmented>0</segmented><object><name>airplane</name><pose>Unspecified</pose><truncated>0</truncated><difficult>0</difficult><bndbox><xmin>142</xmin><ymin>41</ymin><xmax>160</xmax><ymax>61</ymax></bndbox></object><object><name>airplane</name><pose>Unspecified</pose><truncated>0</truncated><difficult>0</difficult><bndbox><xmin>200</xmin><ymin>22</ymin><xmax>222</xmax><ymax>45</ymax></bndbox></object><object><name>airplane</name><pose>Unspecified</pose><truncated>0</truncated><difficult>0</difficult><bndbox><xmin>165</xmin><ymin>106</ymin><xmax>187</xmax><ymax>123</ymax></bndbox></object><object><name>airplane</name><pose>Unspecified</pose><truncated>0</truncated><difficult>0</difficult><bndbox><xmin>217</xmin><ymin>156</ymin><xmax>241</xmax><ymax>177</ymax></bndbox></object></annotation>