<annotation verified="yes"><folder>train</folder><filename>airplane_339.jpg</filename><path>train/airplane_339.jpg</path><source><database>Unknown</database></source><size><width>256</width><height>256</height><depth>3</depth></size><segmented>0</segmented><object><name>airplane</name><pose>Unspecified</pose><truncated>0</truncated><difficult>0</difficult><bndbox><xmin>46</xmin><ymin>117</ymin><xmax>87</xmax><ymax>163</ymax></bndbox></object><object><name>airplane</name><pose>Unspecified</pose><truncated>0</truncated><difficult>0</difficult><bndbox><xmin>86</xmin><ymin>108</ymin><xmax>112</xmax><ymax>143</ymax></bndbox></object></annotation>