<annotation verified="yes"><folder>train</folder><filename>airplane_146.jpg</filename><path>train/airplane_146.jpg</path><source><database>Unknown</database></source><size><width>256</width><height>256</height><depth>3</depth></size><segmented>0</segmented><object><name>airplane</name><pose>Unspecified</pose><truncated>0</truncated><difficult>0</difficult><bndbox><xmin>114</xmin><ymin>24</ymin><xmax>151</xmax><ymax>68</ymax></bndbox></object><object><name>airplane</name><pose>Unspecified</pose><truncated>0</truncated><difficult>0</difficult><bndbox><xmin>119</xmin><ymin>101</ymin><xmax>153</xmax><ymax>134</ymax></bndbox></object><object><name>airplane</name><pose>Unspecified</pose><truncated>0</truncated><difficult>0</difficult><bndbox><xmin>197</xmin><ymin>102</ymin><xmax>237</xmax><ymax>146</ymax></bndbox></object></annotation>