<annotation verified="yes"><folder>train</folder><filename>airplane_394.jpg</filename><path>train/airplane_394.jpg</path><source><database>Unknown</database></source><size><width>256</width><height>256</height><depth>3</depth></size><segmented>0</segmented><object><name>airplane</name><pose>Unspecified</pose><truncated>0</truncated><difficult>0</difficult><bndbox><xmin>134</xmin><ymin>105</ymin><xmax>174</xmax><ymax>146</ymax></bndbox></object><object><name>airplane</name><pose>Unspecified</pose><truncated>0</truncated><difficult>0</difficult><bndbox><xmin>220</xmin><ymin>2</ymin><xmax>255</xmax><ymax>33</ymax></bndbox></object></annotation>