<annotation verified="yes"><folder>train</folder><filename>airplane_545.jpg</filename><path>train/airplane_545.jpg</path><source><database>Unknown</database></source><size><width>256</width><height>256</height><depth>3</depth></size><segmented>0</segmented><object><name>airplane</name><pose>Unspecified</pose><truncated>0</truncated><difficult>0</difficult><bndbox><xmin>55</xmin><ymin>26</ymin><xmax>145</xmax><ymax>83</ymax></bndbox></object><object><name>airplane</name><pose>Unspecified</pose><truncated>0</truncated><difficult>0</difficult><bndbox><xmin>105</xmin><ymin>88</ymin><xmax>198</xmax><ymax>161</ymax></bndbox></object></annotation>