<annotation verified="yes"><folder>train</folder><filename>airplane_533.jpg</filename><path>train/airplane_533.jpg</path><source><database>Unknown</database></source><size><width>256</width><height>256</height><depth>3</depth></size><segmented>0</segmented><object><name>airplane</name><pose>Unspecified</pose><truncated>0</truncated><difficult>0</difficult><bndbox><xmin>6</xmin><ymin>107</ymin><xmax>97</xmax><ymax>213</ymax></bndbox></object><object><name>airplane</name><pose>Unspecified</pose><truncated>0</truncated><difficult>0</difficult><bndbox><xmin>121</xmin><ymin>64</ymin><xmax>217</xmax><ymax>159</ymax></bndbox></object></annotation>