<annotation verified="yes"><folder>train</folder><filename>airplane_477.jpg</filename><path>train/airplane_477.jpg</path><source><database>Unknown</database></source><size><width>256</width><height>256</height><depth>3</depth></size><segmented>0</segmented><object><name>airplane</name><pose>Unspecified</pose><truncated>0</truncated><difficult>0</difficult><bndbox><xmin>12</xmin><ymin>79</ymin><xmax>111</xmax><ymax>202</ymax></bndbox></object><object><name>airplane</name><pose>Unspecified</pose><truncated>0</truncated><difficult>0</difficult><bndbox><xmin>164</xmin><ymin>60</ymin><xmax>232</xmax><ymax>146</ymax></bndbox></object></annotation>