<annotation verified="yes"><folder>train</folder><filename>airplane_162.jpg</filename><path>train/airplane_162.jpg</path><source><database>Unknown</database></source><size><width>256</width><height>256</height><depth>3</depth></size><segmented>0</segmented><object><name>airplane</name><pose>Unspecified</pose><truncated>0</truncated><difficult>0</difficult><bndbox><xmin>4</xmin><ymin>21</ymin><xmax>54</xmax><ymax>84</ymax></bndbox></object><object><name>airplane</name><pose>Unspecified</pose><truncated>0</truncated><difficult>0</difficult><bndbox><xmin>177</xmin><ymin>26</ymin><xmax>192</xmax><ymax>41</ymax></bndbox></object><object><name>airplane</name><pose>Unspecified</pose><truncated>0</truncated><difficult>0</difficult><bndbox><xmin>211</xmin><ymin>33</ymin><xmax>229</xmax><ymax>53</ymax></bndbox></object></annotation>