<annotation verified="yes"><folder>train</folder><filename>airplane_135.jpg</filename><path>train/airplane_135.jpg</path><source><database>Unknown</database></source><size><width>256</width><height>256</height><depth>3</depth></size><segmented>0</segmented><object><name>airplane</name><pose>Unspecified</pose><truncated>0</truncated><difficult>0</difficult><bndbox><xmin>71</xmin><ymin>101</ymin><xmax>118</xmax><ymax>141</ymax></bndbox></object><object><name>airplane</name><pose>Unspecified</pose><truncated>0</truncated><difficult>0</difficult><bndbox><xmin>52</xmin><ymin>152</ymin><xmax>97</xmax><ymax>191</ymax></bndbox></object><object><name>airplane</name><pose>Unspecified</pose><truncated>0</truncated><difficult>0</difficult><bndbox><xmin>161</xmin><ymin>25</ymin><xmax>232</xmax><ymax>84</ymax></bndbox></object><object><name>airplane</name><pose>Unspecified</pose><truncated>0</truncated><difficult>0</difficult><bndbox><xmin>156</xmin><ymin>97</ymin><xmax>222</xmax><ymax>144</ymax></bndbox></object></annotation>