<annotation verified="yes"><folder>train</folder><filename>airplane_115.jpg</filename><path>train/airplane_115.jpg</path><source><database>Unknown</database></source><size><width>256</width><height>256</height><depth>3</depth></size><segmented>0</segmented><object><name>airplane</name><pose>Unspecified</pose><truncated>0</truncated><difficult>0</difficult><bndbox><xmin>151</xmin><ymin>50</ymin><xmax>212</xmax><ymax>116</ymax></bndbox></object><object><name>airplane</name><pose>Unspecified</pose><truncated>0</truncated><difficult>0</difficult><bndbox><xmin>47</xmin><ymin>109</ymin><xmax>115</xmax><ymax>186</ymax></bndbox></object></annotation>