<annotation verified="yes"><folder>train</folder><filename>airplane_386.jpg</filename><path>train/airplane_386.jpg</path><source><database>Unknown</database></source><size><width>256</width><height>256</height><depth>3</depth></size><segmented>0</segmented><object><name>airplane</name><pose>Unspecified</pose><truncated>0</truncated><difficult>0</difficult><bndbox><xmin>43</xmin><ymin>5</ymin><xmax>138</xmax><ymax>80</ymax></bndbox></object><object><name>airplane</name><pose>Unspecified</pose><truncated>0</truncated><difficult>0</difficult><bndbox><xmin>153</xmin><ymin>41</ymin><xmax>251</xmax><ymax>158</ymax></bndbox></object></annotation>