<annotation verified="yes"><folder>train</folder><filename>airplane_465.jpg</filename><path>train/airplane_465.jpg</path><source><database>Unknown</database></source><size><width>256</width><height>256</height><depth>3</depth></size><segmented>0</segmented><object><name>airplane</name><pose>Unspecified</pose><truncated>0</truncated><difficult>0</difficult><bndbox><xmin>200</xmin><ymin>148</ymin><xmax>232</xmax><ymax>176</ymax></bndbox></object><object><name>airplane</name><pose>Unspecified</pose><truncated>0</truncated><difficult>0</difficult><bndbox><xmin>173</xmin><ymin>193</ymin><xmax>210</xmax><ymax>231</ymax></bndbox></object></annotation>