<annotation verified="yes"><folder>train</folder><filename>airplane_460.jpg</filename><path>train/airplane_460.jpg</path><source><database>Unknown</database></source><size><width>256</width><height>256</height><depth>3</depth></size><segmented>0</segmented><object><name>airplane</name><pose>Unspecified</pose><truncated>0</truncated><difficult>0</difficult><bndbox><xmin>32</xmin><ymin>114</ymin><xmax>91</xmax><ymax>172</ymax></bndbox></object><object><name>airplane</name><pose>Unspecified</pose><truncated>0</truncated><difficult>0</difficult><bndbox><xmin>118</xmin><ymin>46</ymin><xmax>231</xmax><ymax>169</ymax></bndbox></object></annotation>