<annotation verified="yes"><folder>train</folder><filename>airplane_498.jpg</filename><path>train/airplane_498.jpg</path><source><database>Unknown</database></source><size><width>256</width><height>256</height><depth>3</depth></size><segmented>0</segmented><object><name>airplane</name><pose>Unspecified</pose><truncated>0</truncated><difficult>0</difficult><bndbox><xmin>11</xmin><ymin>105</ymin><xmax>62</xmax><ymax>157</ymax></bndbox></object><object><name>airplane</name><pose>Unspecified</pose><truncated>0</truncated><difficult>0</difficult><bndbox><xmin>85</xmin><ymin>130</ymin><xmax>123</xmax><ymax>168</ymax></bndbox></object><object><name>airplane</name><pose>Unspecified</pose><truncated>0</truncated><difficult>0</difficult><bndbox><xmin>79</xmin><ymin>176</ymin><xmax>123</xmax><ymax>207</ymax></bndbox></object></annotation>