<annotation verified="yes"><folder>train</folder><filename>airplane_176.jpg</filename><path>train/airplane_176.jpg</path><source><database>Unknown</database></source><size><width>256</width><height>256</height><depth>3</depth></size><segmented>0</segmented><object><name>airplane</name><pose>Unspecified</pose><truncated>0</truncated><difficult>0</difficult><bndbox><xmin>126</xmin><ymin>73</ymin><xmax>162</xmax><ymax>95</ymax></bndbox></object><object><name>airplane</name><pose>Unspecified</pose><truncated>0</truncated><difficult>0</difficult><bndbox><xmin>129</xmin><ymin>109</ymin><xmax>165</xmax><ymax>133</ymax></bndbox></object></annotation>