<annotation verified="yes"><folder>train</folder><filename>airplane_004.jpg</filename><path>train/airplane_004.jpg</path><source><database>Unknown</database></source><size><width>256</width><height>256</height><depth>3</depth></size><segmented>0</segmented><object><name>airplane</name><pose>Unspecified</pose><truncated>0</truncated><difficult>0</difficult><bndbox><xmin>59</xmin><ymin>9</ymin><xmax>111</xmax><ymax>55</ymax></bndbox></object><object><name>airplane</name><pose>Unspecified</pose><truncated>0</truncated><difficult>0</difficult><bndbox><xmin>112</xmin><ymin>38</ymin><xmax>159</xmax><ymax>88</ymax></bndbox></object><object><name>airplane</name><pose>Unspecified</pose><truncated>0</truncated><difficult>0</difficult><bndbox><xmin>142</xmin><ymin>75</ymin><xmax>199</xmax><ymax>124</ymax></bndbox></object><object><name>airplane</name><pose>Unspecified</pose><truncated>0</truncated><difficult>0</difficult><bndbox><xmin>206</xmin><ymin>105</ymin><xmax>255</xmax><ymax>157</ymax></bndbox></object></annotation>