<annotation verified="yes"><folder>train</folder><filename>airplane_224.jpg</filename><path>train/airplane_224.jpg</path><source><database>Unknown</database></source><size><width>256</width><height>256</height><depth>3</depth></size><segmented>0</segmented><object><name>airplane</name><pose>Unspecified</pose><truncated>0</truncated><difficult>0</difficult><bndbox><xmin>92</xmin><ymin>7</ymin><xmax>145</xmax><ymax>46</ymax></bndbox></object><object><name>airplane</name><pose>Unspecified</pose><truncated>0</truncated><difficult>0</difficult><bndbox><xmin>201</xmin><ymin>146</ymin><xmax>230</xmax><ymax>180</ymax></bndbox></object></annotation>