<annotation verified="yes"><folder>train</folder><filename>airplane_397.jpg</filename><path>train/airplane_397.jpg</path><source><database>Unknown</database></source><size><width>256</width><height>256</height><depth>3</depth></size><segmented>0</segmented><object><name>airplane</name><pose>Unspecified</pose><truncated>0</truncated><difficult>0</difficult><bndbox><xmin>197</xmin><ymin>8</ymin><xmax>244</xmax><ymax>50</ymax></bndbox></object><object><name>airplane</name><pose>Unspecified</pose><truncated>0</truncated><difficult>0</difficult><bndbox><xmin>205</xmin><ymin>136</ymin><xmax>251</xmax><ymax>177</ymax></bndbox></object></annotation>