<annotation verified="yes"><folder>train</folder><filename>airplane_599.jpg</filename><path>train/airplane_599.jpg</path><source><database>Unknown</database></source><size><width>256</width><height>256</height><depth>3</depth></size><segmented>0</segmented><object><name>airplane</name><pose>Unspecified</pose><truncated>0</truncated><difficult>0</difficult><bndbox><xmin>132</xmin><ymin>110</ymin><xmax>167</xmax><ymax>142</ymax></bndbox></object><object><name>airplane</name><pose>Unspecified</pose><truncated>0</truncated><difficult>0</difficult><bndbox><xmin>77</xmin><ymin>170</ymin><xmax>109</xmax><ymax>195</ymax></bndbox></object><object><name>airplane</name><pose>Unspecified</pose><truncated>0</truncated><difficult>0</difficult><bndbox><xmin>105</xmin><ymin>199</ymin><xmax>132</xmax><ymax>227</ymax></bndbox></object></annotation>