<annotation verified="yes"><folder>train</folder><filename>airplane_334.jpg</filename><path>train/airplane_334.jpg</path><source><database>Unknown</database></source><size><width>256</width><height>256</height><depth>3</depth></size><segmented>0</segmented><object><name>airplane</name><pose>Unspecified</pose><truncated>0</truncated><difficult>0</difficult><bndbox><xmin>166</xmin><ymin>179</ymin><xmax>201</xmax><ymax>209</ymax></bndbox></object><object><name>airplane</name><pose>Unspecified</pose><truncated>0</truncated><difficult>0</difficult><bndbox><xmin>97</xmin><ymin>178</ymin><xmax>110</xmax><ymax>196</ymax></bndbox></object><object><name>airplane</name><pose>Unspecified</pose><truncated>0</truncated><difficult>0</difficult><bndbox><xmin>116</xmin><ymin>176</ymin><xmax>137</xmax><ymax>195</ymax></bndbox></object><object><name>airplane</name><pose>Unspecified</pose><truncated>0</truncated><difficult>0</difficult><bndbox><xmin>98</xmin><ymin>213</ymin><xmax>144</xmax><ymax>254</ymax></bndbox></object></annotation>