<annotation verified="yes"><folder>train</folder><filename>airplane_123.jpg</filename><path>train/airplane_123.jpg</path><source><database>Unknown</database></source><size><width>256</width><height>256</height><depth>3</depth></size><segmented>0</segmented><object><name>airplane</name><pose>Unspecified</pose><truncated>0</truncated><difficult>0</difficult><bndbox><xmin>61</xmin><ymin>69</ymin><xmax>131</xmax><ymax>145</ymax></bndbox></object><object><name>airplane</name><pose>Unspecified</pose><truncated>0</truncated><difficult>0</difficult><bndbox><xmin>151</xmin><ymin>105</ymin><xmax>229</xmax><ymax>189</ymax></bndbox></object></annotation>