<annotation verified="yes"><folder>train</folder><filename>airplane_178.jpg</filename><path>train/airplane_178.jpg</path><source><database>Unknown</database></source><size><width>256</width><height>256</height><depth>3</depth></size><segmented>0</segmented><object><name>airplane</name><pose>Unspecified</pose><truncated>0</truncated><difficult>0</difficult><bndbox><xmin>121</xmin><ymin>129</ymin><xmax>172</xmax><ymax>169</ymax></bndbox></object><object><name>airplane</name><pose>Unspecified</pose><truncated>0</truncated><difficult>0</difficult><bndbox><xmin>182</xmin><ymin>3</ymin><xmax>213</xmax><ymax>28</ymax></bndbox></object><object><name>airplane</name><pose>Unspecified</pose><truncated>0</truncated><difficult>0</difficult><bndbox><xmin>5</xmin><ymin>123</ymin><xmax>55</xmax><ymax>184</ymax></bndbox></object></annotation>