<annotation verified="yes"><folder>train</folder><filename>airplane_139.jpg</filename><path>train/airplane_139.jpg</path><source><database>Unknown</database></source><size><width>256</width><height>256</height><depth>3</depth></size><segmented>0</segmented><object><name>airplane</name><pose>Unspecified</pose><truncated>0</truncated><difficult>0</difficult><bndbox><xmin>176</xmin><ymin>48</ymin><xmax>248</xmax><ymax>106</ymax></bndbox></object><object><name>airplane</name><pose>Unspecified</pose><truncated>0</truncated><difficult>0</difficult><bndbox><xmin>18</xmin><ymin>132</ymin><xmax>81</xmax><ymax>189</ymax></bndbox></object></annotation>