<annotation verified="yes"><folder>train</folder><filename>airplane_288.jpg</filename><path>train/airplane_288.jpg</path><source><database>Unknown</database></source><size><width>256</width><height>256</height><depth>3</depth></size><segmented>0</segmented><object><name>airplane</name><pose>Unspecified</pose><truncated>0</truncated><difficult>0</difficult><bndbox><xmin>102</xmin><ymin>8</ymin><xmax>140</xmax><ymax>51</ymax></bndbox></object><object><name>airplane</name><pose>Unspecified</pose><truncated>0</truncated><difficult>0</difficult><bndbox><xmin>171</xmin><ymin>4</ymin><xmax>204</xmax><ymax>42</ymax></bndbox></object></annotation>