<annotation verified="yes"><folder>train</folder><filename>airplane_249.jpg</filename><path>train/airplane_249.jpg</path><source><database>Unknown</database></source><size><width>256</width><height>256</height><depth>3</depth></size><segmented>0</segmented><object><name>airplane</name><pose>Unspecified</pose><truncated>0</truncated><difficult>0</difficult><bndbox><xmin>138</xmin><ymin>153</ymin><xmax>173</xmax><ymax>183</ymax></bndbox></object><object><name>airplane</name><pose>Unspecified</pose><truncated>0</truncated><difficult>0</difficult><bndbox><xmin>206</xmin><ymin>85</ymin><xmax>247</xmax><ymax>120</ymax></bndbox></object><object><name>airplane</name><pose>Unspecified</pose><truncated>0</truncated><difficult>0</difficult><bndbox><xmin>11</xmin><ymin>69</ymin><xmax>43</xmax><ymax>108</ymax></bndbox></object></annotation>