<annotation verified="yes"><folder>train</folder><filename>airplane_222.jpg</filename><path>train/airplane_222.jpg</path><source><database>Unknown</database></source><size><width>256</width><height>256</height><depth>3</depth></size><segmented>0</segmented><object><name>airplane</name><pose>Unspecified</pose><truncated>0</truncated><difficult>0</difficult><bndbox><xmin>140</xmin><ymin>52</ymin><xmax>230</xmax><ymax>106</ymax></bndbox></object><object><name>airplane</name><pose>Unspecified</pose><truncated>0</truncated><difficult>0</difficult><bndbox><xmin>120</xmin><ymin>113</ymin><xmax>212</xmax><ymax>172</ymax></bndbox></object></annotation>