<annotation verified="yes"><folder>train</folder><filename>airplane_234.jpg</filename><path>train/airplane_234.jpg</path><source><database>Unknown</database></source><size><width>256</width><height>256</height><depth>3</depth></size><segmented>0</segmented><object><name>airplane</name><pose>Unspecified</pose><truncated>0</truncated><difficult>0</difficult><bndbox><xmin>4</xmin><ymin>85</ymin><xmax>82</xmax><ymax>148</ymax></bndbox></object><object><name>airplane</name><pose>Unspecified</pose><truncated>0</truncated><difficult>0</difficult><bndbox><xmin>187</xmin><ymin>54</ymin><xmax>255</xmax><ymax>123</ymax></bndbox></object></annotation>