<annotation verified="yes"><folder>train</folder><filename>airplane_082.jpg</filename><path>train/airplane_082.jpg</path><source><database>Unknown</database></source><size><width>256</width><height>256</height><depth>3</depth></size><segmented>0</segmented><object><name>airplane</name><pose>Unspecified</pose><truncated>0</truncated><difficult>0</difficult><bndbox><xmin>64</xmin><ymin>56</ymin><xmax>122</xmax><ymax>125</ymax></bndbox></object><object><name>airplane</name><pose>Unspecified</pose><truncated>0</truncated><difficult>0</difficult><bndbox><xmin>122</xmin><ymin>129</ymin><xmax>191</xmax><ymax>204</ymax></bndbox></object></annotation>