<annotation verified="yes"><folder>train</folder><filename>airplane_173.jpg</filename><path>train/airplane_173.jpg</path><source><database>Unknown</database></source><size><width>256</width><height>256</height><depth>3</depth></size><segmented>0</segmented><object><name>airplane</name><pose>Unspecified</pose><truncated>0</truncated><difficult>0</difficult><bndbox><xmin>16</xmin><ymin>70</ymin><xmax>52</xmax><ymax>101</ymax></bndbox></object><object><name>airplane</name><pose>Unspecified</pose><truncated>0</truncated><difficult>0</difficult><bndbox><xmin>44</xmin><ymin>152</ymin><xmax>68</xmax><ymax>183</ymax></bndbox></object><object><name>airplane</name><pose>Unspecified</pose><truncated>0</truncated><difficult>0</difficult><bndbox><xmin>149</xmin><ymin>68</ymin><xmax>194</xmax><ymax>120</ymax></bndbox></object><object><name>airplane</name><pose>Unspecified</pose><truncated>0</truncated><difficult>0</difficult><bndbox><xmin>232</xmin><ymin>55</ymin><xmax>255</xmax><ymax>86</ymax></bndbox></object></annotation>