<annotation verified="yes"><folder>train</folder><filename>airplane_208.jpg</filename><path>train/airplane_208.jpg</path><source><database>Unknown</database></source><size><width>256</width><height>256</height><depth>3</depth></size><segmented>0</segmented><object><name>airplane</name><pose>Unspecified</pose><truncated>0</truncated><difficult>0</difficult><bndbox><xmin>65</xmin><ymin>78</ymin><xmax>105</xmax><ymax>133</ymax></bndbox></object><object><name>airplane</name><pose>Unspecified</pose><truncated>0</truncated><difficult>0</difficult><bndbox><xmin>7</xmin><ymin>101</ymin><xmax>45</xmax><ymax>144</ymax></bndbox></object><object><name>airplane</name><pose>Unspecified</pose><truncated>0</truncated><difficult>0</difficult><bndbox><xmin>181</xmin><ymin>241</ymin><xmax>198</xmax><ymax>254</ymax></bndbox></object></annotation>