<annotation verified="yes"><folder>train</folder><filename>airplane_301.jpg</filename><path>train/airplane_301.jpg</path><source><database>Unknown</database></source><size><width>256</width><height>256</height><depth>3</depth></size><segmented>0</segmented><object><name>airplane</name><pose>Unspecified</pose><truncated>0</truncated><difficult>0</difficult><bndbox><xmin>55</xmin><ymin>13</ymin><xmax>102</xmax><ymax>65</ymax></bndbox></object><object><name>airplane</name><pose>Unspecified</pose><truncated>0</truncated><difficult>0</difficult><bndbox><xmin>177</xmin><ymin>23</ymin><xmax>235</xmax><ymax>73</ymax></bndbox></object><object><name>airplane</name><pose>Unspecified</pose><truncated>0</truncated><difficult>0</difficult><bndbox><xmin>170</xmin><ymin>113</ymin><xmax>226</xmax><ymax>165</ymax></bndbox></object><object><name>airplane</name><pose>Unspecified</pose><truncated>0</truncated><difficult>0</difficult><bndbox><xmin>38</xmin><ymin>187</ymin><xmax>102</xmax><ymax>255</ymax></bndbox></object></annotation>