<annotation verified="yes"><folder>train</folder><filename>airplane_492.jpg</filename><path>train/airplane_492.jpg</path><source><database>Unknown</database></source><size><width>256</width><height>256</height><depth>3</depth></size><segmented>0</segmented><object><name>airplane</name><pose>Unspecified</pose><truncated>0</truncated><difficult>0</difficult><bndbox><xmin>23</xmin><ymin>91</ymin><xmax>85</xmax><ymax>144</ymax></bndbox></object><object><name>airplane</name><pose>Unspecified</pose><truncated>0</truncated><difficult>0</difficult><bndbox><xmin>42</xmin><ymin>9</ymin><xmax>107</xmax><ymax>66</ymax></bndbox></object><object><name>airplane</name><pose>Unspecified</pose><truncated>0</truncated><difficult>0</difficult><bndbox><xmin>173</xmin><ymin>82</ymin><xmax>240</xmax><ymax>131</ymax></bndbox></object><object><name>airplane</name><pose>Unspecified</pose><truncated>0</truncated><difficult>0</difficult><bndbox><xmin>153</xmin><ymin>163</ymin><xmax>210</xmax><ymax>222</ymax></bndbox></object></annotation>