<annotation verified="yes"><folder>train</folder><filename>airplane_322.jpg</filename><path>train/airplane_322.jpg</path><source><database>Unknown</database></source><size><width>256</width><height>256</height><depth>3</depth></size><segmented>0</segmented><object><name>airplane</name><pose>Unspecified</pose><truncated>0</truncated><difficult>0</difficult><bndbox><xmin>86</xmin><ymin>117</ymin><xmax>127</xmax><ymax>154</ymax></bndbox></object><object><name>airplane</name><pose>Unspecified</pose><truncated>0</truncated><difficult>0</difficult><bndbox><xmin>153</xmin><ymin>84</ymin><xmax>180</xmax><ymax>119</ymax></bndbox></object></annotation>