<annotation verified="yes"><folder>train</folder><filename>airplane_040.jpg</filename><path>train/airplane_040.jpg</path><source><database>Unknown</database></source><size><width>256</width><height>256</height><depth>3</depth></size><segmented>0</segmented><object><name>airplane</name><pose>Unspecified</pose><truncated>0</truncated><difficult>0</difficult><bndbox><xmin>36</xmin><ymin>45</ymin><xmax>80</xmax><ymax>74</ymax></bndbox></object><object><name>airplane</name><pose>Unspecified</pose><truncated>0</truncated><difficult>0</difficult><bndbox><xmin>43</xmin><ymin>79</ymin><xmax>81</xmax><ymax>118</ymax></bndbox></object></annotation>