<annotation verified="yes"><folder>train</folder><filename>airplane_330.jpg</filename><path>train/airplane_330.jpg</path><source><database>Unknown</database></source><size><width>256</width><height>256</height><depth>3</depth></size><segmented>0</segmented><object><name>airplane</name><pose>Unspecified</pose><truncated>0</truncated><difficult>0</difficult><bndbox><xmin>74</xmin><ymin>22</ymin><xmax>215</xmax><ymax>150</ymax></bndbox></object><object><name>airplane</name><pose>Unspecified</pose><truncated>0</truncated><difficult>0</difficult><bndbox><xmin>163</xmin><ymin>195</ymin><xmax>230</xmax><ymax>253</ymax></bndbox></object></annotation>