<annotation verified="yes"><folder>train</folder><filename>airplane_342.jpg</filename><path>train/airplane_342.jpg</path><source><database>Unknown</database></source><size><width>256</width><height>256</height><depth>3</depth></size><segmented>0</segmented><object><name>airplane</name><pose>Unspecified</pose><truncated>0</truncated><difficult>0</difficult><bndbox><xmin>18</xmin><ymin>59</ymin><xmax>78</xmax><ymax>112</ymax></bndbox></object><object><name>airplane</name><pose>Unspecified</pose><truncated>0</truncated><difficult>0</difficult><bndbox><xmin>193</xmin><ymin>10</ymin><xmax>243</xmax><ymax>60</ymax></bndbox></object><object><name>airplane</name><pose>Unspecified</pose><truncated>0</truncated><difficult>0</difficult><bndbox><xmin>17</xmin><ymin>179</ymin><xmax>34</xmax><ymax>200</ymax></bndbox></object></annotation>