<annotation verified="yes"><folder>train</folder><filename>airplane_378.jpg</filename><path>train/airplane_378.jpg</path><source><database>Unknown</database></source><size><width>256</width><height>256</height><depth>3</depth></size><segmented>0</segmented><object><name>airplane</name><pose>Unspecified</pose><truncated>0</truncated><difficult>0</difficult><bndbox><xmin>18</xmin><ymin>58</ymin><xmax>63</xmax><ymax>109</ymax></bndbox></object><object><name>airplane</name><pose>Unspecified</pose><truncated>0</truncated><difficult>0</difficult><bndbox><xmin>119</xmin><ymin>66</ymin><xmax>171</xmax><ymax>110</ymax></bndbox></object><object><name>airplane</name><pose>Unspecified</pose><truncated>0</truncated><difficult>0</difficult><bndbox><xmin>85</xmin><ymin>128</ymin><xmax>149</xmax><ymax>171</ymax></bndbox></object><object><name>airplane</name><pose>Unspecified</pose><truncated>0</truncated><difficult>0</difficult><bndbox><xmin>179</xmin><ymin>138</ymin><xmax>252</xmax><ymax>242</ymax></bndbox></object></annotation>