<annotation verified="yes"><folder>train</folder><filename>airplane_509.jpg</filename><path>train/airplane_509.jpg</path><source><database>Unknown</database></source><size><width>256</width><height>256</height><depth>3</depth></size><segmented>0</segmented><object><name>airplane</name><pose>Unspecified</pose><truncated>0</truncated><difficult>0</difficult><bndbox><xmin>120</xmin><ymin>134</ymin><xmax>141</xmax><ymax>155</ymax></bndbox></object><object><name>airplane</name><pose>Unspecified</pose><truncated>0</truncated><difficult>0</difficult><bndbox><xmin>195</xmin><ymin>74</ymin><xmax>220</xmax><ymax>101</ymax></bndbox></object><object><name>airplane</name><pose>Unspecified</pose><truncated>0</truncated><difficult>0</difficult><bndbox><xmin>10</xmin><ymin>94</ymin><xmax>39</xmax><ymax>124</ymax></bndbox></object><object><name>airplane</name><pose>Unspecified</pose><truncated>0</truncated><difficult>0</difficult><bndbox><xmin>53</xmin><ymin>165</ymin><xmax>85</xmax><ymax>196</ymax></bndbox></object></annotation>