<annotation verified="yes"><folder>train</folder><filename>airplane_200.jpg</filename><path>train/airplane_200.jpg</path><source><database>Unknown</database></source><size><width>256</width><height>256</height><depth>3</depth></size><segmented>0</segmented><object><name>airplane</name><pose>Unspecified</pose><truncated>0</truncated><difficult>0</difficult><bndbox><xmin>126</xmin><ymin>28</ymin><xmax>196</xmax><ymax>111</ymax></bndbox></object><object><name>airplane</name><pose>Unspecified</pose><truncated>0</truncated><difficult>0</difficult><bndbox><xmin>117</xmin><ymin>149</ymin><xmax>188</xmax><ymax>221</ymax></bndbox></object></annotation>