<annotation verified="yes"><folder>train</folder><filename>airplane_299.jpg</filename><path>train/airplane_299.jpg</path><source><database>Unknown</database></source><size><width>256</width><height>256</height><depth>3</depth></size><segmented>0</segmented><object><name>airplane</name><pose>Unspecified</pose><truncated>0</truncated><difficult>0</difficult><bndbox><xmin>37</xmin><ymin>110</ymin><xmax>89</xmax><ymax>154</ymax></bndbox></object><object><name>airplane</name><pose>Unspecified</pose><truncated>0</truncated><difficult>0</difficult><bndbox><xmin>52</xmin><ymin>171</ymin><xmax>101</xmax><ymax>224</ymax></bndbox></object></annotation>