<annotation verified="yes"><folder>train</folder><filename>airplane_211.jpg</filename><path>train/airplane_211.jpg</path><source><database>Unknown</database></source><size><width>256</width><height>256</height><depth>3</depth></size><segmented>0</segmented><object><name>airplane</name><pose>Unspecified</pose><truncated>0</truncated><difficult>0</difficult><bndbox><xmin>108</xmin><ymin>97</ymin><xmax>151</xmax><ymax>140</ymax></bndbox></object><object><name>airplane</name><pose>Unspecified</pose><truncated>0</truncated><difficult>0</difficult><bndbox><xmin>173</xmin><ymin>63</ymin><xmax>217</xmax><ymax>120</ymax></bndbox></object><object><name>airplane</name><pose>Unspecified</pose><truncated>0</truncated><difficult>0</difficult><bndbox><xmin>41</xmin><ymin>204</ymin><xmax>96</xmax><ymax>246</ymax></bndbox></object></annotation>