<annotation verified="yes"><folder>train</folder><filename>airplane_531.jpg</filename><path>train/airplane_531.jpg</path><source><database>Unknown</database></source><size><width>256</width><height>256</height><depth>3</depth></size><segmented>0</segmented><object><name>airplane</name><pose>Unspecified</pose><truncated>0</truncated><difficult>0</difficult><bndbox><xmin>48</xmin><ymin>94</ymin><xmax>132</xmax><ymax>213</ymax></bndbox></object><object><name>airplane</name><pose>Unspecified</pose><truncated>0</truncated><difficult>0</difficult><bndbox><xmin>142</xmin><ymin>33</ymin><xmax>223</xmax><ymax>131</ymax></bndbox></object></annotation>