<annotation verified="yes"><folder>train</folder><filename>airplane_400.jpg</filename><path>train/airplane_400.jpg</path><source><database>Unknown</database></source><size><width>256</width><height>256</height><depth>3</depth></size><segmented>0</segmented><object><name>airplane</name><pose>Unspecified</pose><truncated>0</truncated><difficult>0</difficult><bndbox><xmin>24</xmin><ymin>153</ymin><xmax>91</xmax><ymax>229</ymax></bndbox></object><object><name>airplane</name><pose>Unspecified</pose><truncated>0</truncated><difficult>0</difficult><bndbox><xmin>112</xmin><ymin>173</ymin><xmax>174</xmax><ymax>243</ymax></bndbox></object></annotation>