<annotation verified="yes"><folder>train</folder><filename>airplane_607.jpg</filename><path>train/airplane_607.jpg</path><source><database>Unknown</database></source><size><width>256</width><height>256</height><depth>3</depth></size><segmented>0</segmented><object><name>airplane</name><pose>Unspecified</pose><truncated>0</truncated><difficult>0</difficult><bndbox><xmin>123</xmin><ymin>37</ymin><xmax>193</xmax><ymax>95</ymax></bndbox></object><object><name>airplane</name><pose>Unspecified</pose><truncated>0</truncated><difficult>0</difficult><bndbox><xmin>83</xmin><ymin>163</ymin><xmax>154</xmax><ymax>239</ymax></bndbox></object></annotation>