<annotation verified="yes"><folder>train</folder><filename>airplane_519.jpg</filename><path>train/airplane_519.jpg</path><source><database>Unknown</database></source><size><width>256</width><height>256</height><depth>3</depth></size><segmented>0</segmented><object><name>airplane</name><pose>Unspecified</pose><truncated>0</truncated><difficult>0</difficult><bndbox><xmin>81</xmin><ymin>86</ymin><xmax>133</xmax><ymax>158</ymax></bndbox></object><object><name>airplane</name><pose>Unspecified</pose><truncated>0</truncated><difficult>0</difficult><bndbox><xmin>152</xmin><ymin>111</ymin><xmax>206</xmax><ymax>185</ymax></bndbox></object></annotation>