<annotation verified="yes"><folder>train</folder><filename>airplane_457.jpg</filename><path>train/airplane_457.jpg</path><source><database>Unknown</database></source><size><width>256</width><height>256</height><depth>3</depth></size><segmented>0</segmented><object><name>airplane</name><pose>Unspecified</pose><truncated>0</truncated><difficult>0</difficult><bndbox><xmin>30</xmin><ymin>21</ymin><xmax>63</xmax><ymax>48</ymax></bndbox></object><object><name>airplane</name><pose>Unspecified</pose><truncated>0</truncated><difficult>0</difficult><bndbox><xmin>25</xmin><ymin>58</ymin><xmax>68</xmax><ymax>98</ymax></bndbox></object><object><name>airplane</name><pose>Unspecified</pose><truncated>0</truncated><difficult>0</difficult><bndbox><xmin>64</xmin><ymin>148</ymin><xmax>94</xmax><ymax>175</ymax></bndbox></object><object><name>airplane</name><pose>Unspecified</pose><truncated>0</truncated><difficult>0</difficult><bndbox><xmin>66</xmin><ymin>186</ymin><xmax>99</xmax><ymax>215</ymax></bndbox></object></annotation>