<annotation verified="yes"><folder>train</folder><filename>airplane_144.jpg</filename><path>train/airplane_144.jpg</path><source><database>Unknown</database></source><size><width>256</width><height>256</height><depth>3</depth></size><segmented>0</segmented><object><name>airplane</name><pose>Unspecified</pose><truncated>0</truncated><difficult>0</difficult><bndbox><xmin>17</xmin><ymin>95</ymin><xmax>94</xmax><ymax>142</ymax></bndbox></object><object><name>airplane</name><pose>Unspecified</pose><truncated>0</truncated><difficult>0</difficult><bndbox><xmin>67</xmin><ymin>29</ymin><xmax>147</xmax><ymax>89</ymax></bndbox></object></annotation>