<annotation verified="yes"><folder>train</folder><filename>airplane_151.jpg</filename><path>train/airplane_151.jpg</path><source><database>Unknown</database></source><size><width>256</width><height>256</height><depth>3</depth></size><segmented>0</segmented><object><name>airplane</name><pose>Unspecified</pose><truncated>0</truncated><difficult>0</difficult><bndbox><xmin>41</xmin><ymin>79</ymin><xmax>119</xmax><ymax>168</ymax></bndbox></object><object><name>airplane</name><pose>Unspecified</pose><truncated>0</truncated><difficult>0</difficult><bndbox><xmin>141</xmin><ymin>76</ymin><xmax>215</xmax><ymax>166</ymax></bndbox></object></annotation>