<annotation verified="yes"><folder>train</folder><filename>airplane_432.jpg</filename><path>train/airplane_432.jpg</path><source><database>Unknown</database></source><size><width>256</width><height>256</height><depth>3</depth></size><segmented>0</segmented><object><name>airplane</name><pose>Unspecified</pose><truncated>0</truncated><difficult>0</difficult><bndbox><xmin>104</xmin><ymin>151</ymin><xmax>130</xmax><ymax>178</ymax></bndbox></object><object><name>airplane</name><pose>Unspecified</pose><truncated>0</truncated><difficult>0</difficult><bndbox><xmin>132</xmin><ymin>126</ymin><xmax>161</xmax><ymax>153</ymax></bndbox></object><object><name>airplane</name><pose>Unspecified</pose><truncated>0</truncated><difficult>0</difficult><bndbox><xmin>162</xmin><ymin>101</ymin><xmax>191</xmax><ymax>126</ymax></bndbox></object></annotation>