<annotation verified="yes"><folder>train</folder><filename>airplane_316.jpg</filename><path>train/airplane_316.jpg</path><source><database>Unknown</database></source><size><width>256</width><height>256</height><depth>3</depth></size><segmented>0</segmented><object><name>airplane</name><pose>Unspecified</pose><truncated>0</truncated><difficult>0</difficult><bndbox><xmin>79</xmin><ymin>31</ymin><xmax>119</xmax><ymax>67</ymax></bndbox></object><object><name>airplane</name><pose>Unspecified</pose><truncated>0</truncated><difficult>0</difficult><bndbox><xmin>226</xmin><ymin>99</ymin><xmax>253</xmax><ymax>125</ymax></bndbox></object><object><name>airplane</name><pose>Unspecified</pose><truncated>0</truncated><difficult>0</difficult><bndbox><xmin>107</xmin><ymin>164</ymin><xmax>145</xmax><ymax>202</ymax></bndbox></object><object><name>airplane</name><pose>Unspecified</pose><truncated>0</truncated><difficult>0</difficult><bndbox><xmin>4</xmin><ymin>89</ymin><xmax>41</xmax><ymax>120</ymax></bndbox></object></annotation>