<annotation verified="yes"><folder>train</folder><filename>airplane_392.jpg</filename><path>train/airplane_392.jpg</path><source><database>Unknown</database></source><size><width>256</width><height>256</height><depth>3</depth></size><segmented>0</segmented><object><name>airplane</name><pose>Unspecified</pose><truncated>0</truncated><difficult>0</difficult><bndbox><xmin>94</xmin><ymin>212</ymin><xmax>156</xmax><ymax>255</ymax></bndbox></object><object><name>airplane</name><pose>Unspecified</pose><truncated>0</truncated><difficult>0</difficult><bndbox><xmin>122</xmin><ymin>9</ymin><xmax>177</xmax><ymax>44</ymax></bndbox></object></annotation>