<annotation verified="yes"><folder>train</folder><filename>airplane_373.jpg</filename><path>train/airplane_373.jpg</path><source><database>Unknown</database></source><size><width>256</width><height>256</height><depth>3</depth></size><segmented>0</segmented><object><name>airplane</name><pose>Unspecified</pose><truncated>0</truncated><difficult>0</difficult><bndbox><xmin>29</xmin><ymin>92</ymin><xmax>113</xmax><ymax>177</ymax></bndbox></object><object><name>airplane</name><pose>Unspecified</pose><truncated>0</truncated><difficult>0</difficult><bndbox><xmin>178</xmin><ymin>10</ymin><xmax>234</xmax><ymax>59</ymax></bndbox></object><object><name>airplane</name><pose>Unspecified</pose><truncated>0</truncated><difficult>0</difficult><bndbox><xmin>158</xmin><ymin>130</ymin><xmax>218</xmax><ymax>176</ymax></bndbox></object><object><name>airplane</name><pose>Unspecified</pose><truncated>0</truncated><difficult>0</difficult><bndbox><xmin>153</xmin><ymin>188</ymin><xmax>212</xmax><ymax>236</ymax></bndbox></object></annotation>