<annotation verified="yes"><folder>train</folder><filename>airplane_571.jpg</filename><path>train/airplane_571.jpg</path><source><database>Unknown</database></source><size><width>256</width><height>256</height><depth>3</depth></size><segmented>0</segmented><object><name>airplane</name><pose>Unspecified</pose><truncated>0</truncated><difficult>0</difficult><bndbox><xmin>26</xmin><ymin>38</ymin><xmax>70</xmax><ymax>79</ymax></bndbox></object><object><name>airplane</name><pose>Unspecified</pose><truncated>0</truncated><difficult>0</difficult><bndbox><xmin>151</xmin><ymin>95</ymin><xmax>194</xmax><ymax>137</ymax></bndbox></object><object><name>airplane</name><pose>Unspecified</pose><truncated>0</truncated><difficult>0</difficult><bndbox><xmin>196</xmin><ymin>150</ymin><xmax>234</xmax><ymax>193</ymax></bndbox></object></annotation>