<annotation verified="yes"><folder>train</folder><filename>airplane_053.jpg</filename><path>train/airplane_053.jpg</path><source><database>Unknown</database></source><size><width>256</width><height>256</height><depth>3</depth></size><segmented>0</segmented><object><name>airplane</name><pose>Unspecified</pose><truncated>0</truncated><difficult>0</difficult><bndbox><xmin>142</xmin><ymin>4</ymin><xmax>208</xmax><ymax>40</ymax></bndbox></object><object><name>airplane</name><pose>Unspecified</pose><truncated>0</truncated><difficult>0</difficult><bndbox><xmin>119</xmin><ymin>64</ymin><xmax>187</xmax><ymax>116</ymax></bndbox></object><object><name>airplane</name><pose>Unspecified</pose><truncated>0</truncated><difficult>0</difficult><bndbox><xmin>87</xmin><ymin>119</ymin><xmax>154</xmax><ymax>178</ymax></bndbox></object><object><name>airplane</name><pose>Unspecified</pose><truncated>0</truncated><difficult>0</difficult><bndbox><xmin>53</xmin><ymin>187</ymin><xmax>124</xmax><ymax>246</ymax></bndbox></object></annotation>