<annotation verified="yes"><folder>train</folder><filename>airplane_381.jpg</filename><path>train/airplane_381.jpg</path><source><database>Unknown</database></source><size><width>256</width><height>256</height><depth>3</depth></size><segmented>0</segmented><object><name>airplane</name><pose>Unspecified</pose><truncated>0</truncated><difficult>0</difficult><bndbox><xmin>46</xmin><ymin>79</ymin><xmax>135</xmax><ymax>141</ymax></bndbox></object><object><name>airplane</name><pose>Unspecified</pose><truncated>0</truncated><difficult>0</difficult><bndbox><xmin>178</xmin><ymin>30</ymin><xmax>254</xmax><ymax>107</ymax></bndbox></object></annotation>