<annotation verified="yes"><folder>train</folder><filename>airplane_159.jpg</filename><path>train/airplane_159.jpg</path><source><database>Unknown</database></source><size><width>256</width><height>256</height><depth>3</depth></size><segmented>0</segmented><object><name>airplane</name><pose>Unspecified</pose><truncated>0</truncated><difficult>0</difficult><bndbox><xmin>95</xmin><ymin>23</ymin><xmax>128</xmax><ymax>50</ymax></bndbox></object><object><name>airplane</name><pose>Unspecified</pose><truncated>0</truncated><difficult>0</difficult><bndbox><xmin>134</xmin><ymin>163</ymin><xmax>168</xmax><ymax>189</ymax></bndbox></object></annotation>