<annotation verified="yes"><folder>train</folder><filename>airplane_469.jpg</filename><path>train/airplane_469.jpg</path><source><database>Unknown</database></source><size><width>256</width><height>256</height><depth>3</depth></size><segmented>0</segmented><object><name>airplane</name><pose>Unspecified</pose><truncated>0</truncated><difficult>0</difficult><bndbox><xmin>106</xmin><ymin>84</ymin><xmax>183</xmax><ymax>146</ymax></bndbox></object><object><name>airplane</name><pose>Unspecified</pose><truncated>0</truncated><difficult>0</difficult><bndbox><xmin>58</xmin><ymin>174</ymin><xmax>122</xmax><ymax>224</ymax></bndbox></object><object><name>airplane</name><pose>Unspecified</pose><truncated>0</truncated><difficult>0</difficult><bndbox><xmin>19</xmin><ymin>27</ymin><xmax>112</xmax><ymax>126</ymax></bndbox></object></annotation>