<annotation verified="yes"><folder>train</folder><filename>airplane_434.jpg</filename><path>train/airplane_434.jpg</path><source><database>Unknown</database></source><size><width>256</width><height>256</height><depth>3</depth></size><segmented>0</segmented><object><name>airplane</name><pose>Unspecified</pose><truncated>0</truncated><difficult>0</difficult><bndbox><xmin>113</xmin><ymin>64</ymin><xmax>191</xmax><ymax>154</ymax></bndbox></object><object><name>airplane</name><pose>Unspecified</pose><truncated>0</truncated><difficult>0</difficult><bndbox><xmin>17</xmin><ymin>80</ymin><xmax>87</xmax><ymax>172</ymax></bndbox></object></annotation>