<annotation verified="yes"><folder>train</folder><filename>airplane_576.jpg</filename><path>train/airplane_576.jpg</path><source><database>Unknown</database></source><size><width>256</width><height>256</height><depth>3</depth></size><segmented>0</segmented><object><name>airplane</name><pose>Unspecified</pose><truncated>0</truncated><difficult>0</difficult><bndbox><xmin>159</xmin><ymin>161</ymin><xmax>188</xmax><ymax>189</ymax></bndbox></object><object><name>airplane</name><pose>Unspecified</pose><truncated>0</truncated><difficult>0</difficult><bndbox><xmin>144</xmin><ymin>188</ymin><xmax>175</xmax><ymax>216</ymax></bndbox></object><object><name>airplane</name><pose>Unspecified</pose><truncated>0</truncated><difficult>0</difficult><bndbox><xmin>188</xmin><ymin>196</ymin><xmax>217</xmax><ymax>229</ymax></bndbox></object><object><name>airplane</name><pose>Unspecified</pose><truncated>0</truncated><difficult>0</difficult><bndbox><xmin>230</xmin><ymin>200</ymin><xmax>253</xmax><ymax>229</ymax></bndbox></object><object><name>airplane</name><pose>Unspecified</pose><truncated>0</truncated><difficult>0</difficult><bndbox><xmin>190</xmin><ymin>89</ymin><xmax>216</xmax><ymax>119</ymax></bndbox></object><object><name>airplane</name><pose>Unspecified</pose><truncated>0</truncated><difficult>0</difficult><bndbox><xmin>230</xmin><ymin>111</ymin><xmax>253</xmax><ymax>145</ymax></bndbox></object></annotation>